31.213,866.9Mbps,189.0,232.0,26.385513305664062,3803.0,522.0,8948.0,186.0,2422.0,433.5Mbps,184.0,26880.0,14799992,51017443,72,2989,11,1159168,36864,0,354487,354471,354470,311660,2132085,354470,1077944320,23246,0,9,0,23,19,0,0,20,0,41,0,2552119272,8555679744,10245,18446744073709551615,4194304,4196492,140721927381760,140721927364416,47090867978055,0,0,2,16800973,18446744073709551615,0,0,17,0,0,0,0,0,0,6294912,6295596,8482816,140721927386053,140721927386210,140721927386210,140721927405550,0,22.4,0.04209382794368672,4096,87380,16777216,4096,65536,16777216,372221.0,61.0,75497621.0,191.0,0.0,349654.0,20568.0,0.0,0.0,0.0,0.0,0.0,0.0,258.0,0.0,0.0,0.0,0,0,18.0,46.8,11,gsfs-MDT0000-mdc-ffff89e606a9c000,1210.0,0.0,0.0,30.0,0.0,0.0,0.0,0.0,0.0,0.0,0.0,0.0,0.0,0.0,0.0,0.0,0.0,0.0,0.0,0.0,0.0,0.0,0.0,0.0,0.0,0.0,0.0,0.0,0.0,0.0,0.0,0.0,0.0,0.0,0.0,0.0,home-MDT0000-mdc-ffff89fbed24e800,390.0,0.0,0.0,11.0,0.0,0.0,0.0,0.0,0.0,0.0,0.0,0.0,0.0,0.0,0.0,0.0,0.0,0.0,0.0,0.0,0.0,0.0,0.0,0.0,0.0,96.0,0.0,0.0,0.0,0.0,0.0,0.0,0.0,0.0,0.0,0.0,home-MDT0001-mdc-ffff89fbed24e800,408.0,0.0,0.0,3.0,2889.0,15.0,0.0,144.0,698.0,0.0,0.0,0.0,0.0,0.0,0.0,0.0,0.0,77.0,0.0,0.0,0.0,4.0,0.0,0.0,0.0,13.0,0.0,0.0,0.0,0.0,0.0,0.0,0.0,0.0,0.0,0.0,scratch-MDT0000-mdc-ffff89fbea624800,1238.0,0.0,0.0,158.0,0.0,0.0,0.0,0.0,0.0,0.0,0.0,0.0,0.0,0.0,0.0,0.0,0.0,0.0,0.0,0.0,0.0,0.0,0.0,0.0,0.0,3641.0,0.0,0.0,0.0,0.0,0.0,0.0,0.0,0.0,0.0,0.0,scratch-MDT0001-mdc-ffff89fbea624800,1283.0,3.0,0.0,499.0,4111365.0,14541.0,0.0,0.0,5485.0,680673.0,0.0,0.0,0.0,0.0,0.0,0.0,0.0,0.0,0.0,0.0,0.0,50.0,0.0,0.0,0.0,7190.0,0.0,0.0,0.0,0.0,102.0,0.0,0.0,0.0,0.0,0.0,scratch-MDT0002-mdc-ffff89fbea624800,564.0,0.0,0.0,44.0,42188.0,112.0,0.0,0.0,5909.0,23553.0,0.0,0.0,0.0,0.0,0.0,0.0,0.0,0.0,0.0,0.0,0.0,37.0,0.0,0.0,0.0,184.0,0.0,0.0,0.0,0.0,4.0,0.0,0.0,0.0,0.0,0.0,scratch-MDT0003-mdc-ffff89fbea624800,1839.0,0.0,0.0,18.0,0.0,0.0,0.0,0.0,0.0,0.0,0.0,0.0,0.0,0.0,0.0,0.0,0.0,0.0,0.0,0.0,0.0,0.0,0.0,0.0,0.0,0.0,0.0,0.0,0.0,0.0,0.0,0.0,0.0,0.0,0.0,0.0,work-MDT0000-mdc-ffff89f59db6a000,560.0,0.0,0.0,45.0,0.0,0.0,0.0,0.0,0.0,0.0,0.0,0.0,0.0,0.0,0.0,0.0,0.0,0.0,0.0,0.0,0.0,0.0,0.0,0.0,0.0,5.0,0.0,0.0,0.0,0.0,0.0,0.0,0.0,0.0,0.0,0.0,work-MDT0001-mdc-ffff89f59db6a000,376.0,0.0,0.0,53.0,0.0,0.0,0.0,0.0,0.0,0.0,0.0,0.0,0.0,0.0,0.0,0.0,0.0,0.0,0.0,0.0,0.0,0.0,0.0,0.0,0.0,0.0,0.0,0.0,0.0,0.0,0.0,0.0,0.0,0.0,0.0,0.0,work-MDT0002-mdc-ffff89f59db6a000,359.0,0.0,0.0,66.0,0.0,0.0,0.0,0.0,0.0,0.0,0.0,0.0,0.0,0.0,0.0,0.0,0.0,0.0,0.0,0.0,0.0,0.0,0.0,0.0,0.0,0.0,0.0,0.0,0.0,0.0,0.0,0.0,0.0,0.0,0.0,0.0,work-MDT0003-mdc-ffff89f59db6a000,342.0,0.0,0.0,363.0,0.0,0.0,0.0,0.0,0.0,0.0,0.0,0.0,0.0,0.0,0.0,0.0,0.0,0.0,0.0,0.0,0.0,0.0,0.0,0.0,0.0,0.0,0.0,0.0,0.0,0.0,0.0,0.0,0.0,0.0,0.0,0.0,0
31.171,1038.0Mbps,226.0,232.0,61.372772216796875,7234.0,0.0,8948.0,186.0,4467.0,519.0Mbps,226.0,26880.0,14522604,114980579,160,3477,13,1159168,40960,0,354487,354471,354470,311660,2132085,354470,1077944320,23325,0,9,0,23,26,0,0,20,0,41,0,2552119272,8555679744,10237,18446744073709551615,4194304,4196492,140721927381760,140721927364416,47090867978055,0,0,2,16800973,18446744073709551615,0,0,17,0,0,0,0,0,0,6294912,6295596,8482816,140721927386053,140721927386210,140721927386210,140721927405550,0,6.3,0.04206095819028999,4096,87380,16777216,4096,65536,16777216,370734.0,58.0,67123867.0,0.0,0.0,369654.0,0.0,0.0,0.0,338.0,0.0,0.0,0.0,157.0,0.0,0.0,0.0,0,0,20.0,46.8,11,gsfs-MDT0000-mdc-ffff89e606a9c000,1210.0,0.0,0.0,30.0,0.0,0.0,0.0,0.0,0.0,0.0,0.0,0.0,0.0,0.0,0.0,0.0,0.0,0.0,0.0,0.0,0.0,0.0,0.0,0.0,0.0,0.0,0.0,0.0,0.0,0.0,0.0,0.0,0.0,0.0,0.0,0.0,home-MDT0000-mdc-ffff89fbed24e800,390.0,0.0,0.0,11.0,0.0,0.0,0.0,0.0,0.0,0.0,0.0,0.0,0.0,0.0,0.0,0.0,0.0,0.0,0.0,0.0,0.0,0.0,0.0,0.0,0.0,91.0,0.0,0.0,0.0,0.0,0.0,0.0,0.0,0.0,0.0,0.0,home-MDT0001-mdc-ffff89fbed24e800,408.0,0.0,0.0,3.0,2385.0,18.0,0.0,139.0,650.0,0.0,0.0,0.0,0.0,0.0,0.0,0.0,0.0,226.0,0.0,0.0,0.0,5.0,0.0,0.0,0.0,10.0,0.0,0.0,1.0,0.0,0.0,0.0,0.0,0.0,0.0,0.0,scratch-MDT0000-mdc-ffff89fbea624800,1238.0,0.0,0.0,158.0,0.0,0.0,0.0,0.0,0.0,0.0,0.0,0.0,0.0,0.0,0.0,0.0,0.0,0.0,0.0,0.0,0.0,0.0,0.0,0.0,0.0,8009.0,0.0,0.0,0.0,0.0,0.0,0.0,0.0,0.0,0.0,0.0,scratch-MDT0001-mdc-ffff89fbea624800,1283.0,4.0,0.0,499.0,3035349.0,25025.0,0.0,0.0,10338.0,1137021.0,0.0,0.0,0.0,0.0,0.0,0.0,0.0,0.0,0.0,0.0,0.0,102.0,0.0,0.0,0.0,15799.0,0.0,0.0,0.0,0.0,211.0,0.0,0.0,0.0,0.0,0.0,scratch-MDT0002-mdc-ffff89fbea624800,564.0,0.0,0.0,44.0,55908.0,235.0,0.0,0.0,15445.0,18805.0,0.0,0.0,0.0,0.0,0.0,0.0,0.0,0.0,0.0,0.0,0.0,77.0,0.0,0.0,0.0,391.0,0.0,0.0,0.0,0.0,3.0,0.0,0.0,0.0,0.0,0.0,scratch-MDT0003-mdc-ffff89fbea624800,1839.0,0.0,0.0,18.0,0.0,0.0,0.0,0.0,0.0,0.0,0.0,0.0,0.0,0.0,0.0,0.0,0.0,0.0,0.0,0.0,0.0,0.0,0.0,0.0,0.0,0.0,0.0,0.0,0.0,0.0,0.0,0.0,0.0,0.0,0.0,0.0,work-MDT0000-mdc-ffff89f59db6a000,560.0,0.0,0.0,45.0,0.0,0.0,0.0,0.0,0.0,0.0,0.0,0.0,0.0,0.0,0.0,0.0,0.0,0.0,0.0,0.0,0.0,0.0,0.0,0.0,0.0,1.0,0.0,0.0,0.0,0.0,0.0,0.0,0.0,0.0,0.0,0.0,work-MDT0001-mdc-ffff89f59db6a000,376.0,0.0,0.0,53.0,0.0,0.0,0.0,0.0,0.0,0.0,0.0,0.0,0.0,0.0,0.0,0.0,0.0,0.0,0.0,0.0,0.0,0.0,0.0,0.0,0.0,0.0,0.0,0.0,0.0,0.0,0.0,0.0,0.0,0.0,0.0,0.0,work-MDT0002-mdc-ffff89f59db6a000,359.0,0.0,0.0,66.0,0.0,0.0,0.0,0.0,0.0,0.0,0.0,0.0,0.0,0.0,0.0,0.0,0.0,0.0,0.0,0.0,0.0,0.0,0.0,0.0,0.0,0.0,0.0,0.0,0.0,0.0,0.0,0.0,0.0,0.0,0.0,0.0,work-MDT0003-mdc-ffff89f59db6a000,342.0,0.0,0.0,363.0,0.0,0.0,0.0,0.0,0.0,0.0,0.0,0.0,0.0,0.0,0.0,0.0,0.0,0.0,0.0,0.0,0.0,0.0,0.0,0.0,0.0,0.0,0.0,0.0,0.0,0.0,0.0,0.0,0.0,0.0,0.0,0.0,0
31.189,817.1Mbps,178.0,232.0,52.07981491088867,6053.0,1.0,8948.0,158.0,3682.0,408.5Mbps,175.0,26880.0,14907368,170030819,204,3897,14,1159168,40960,0,354487,354471,354470,311660,2132085,354470,1077944320,23368,0,9,0,24,32,0,0,20,0,41,0,2552119272,8555679744,10234,18446744073709551615,4194304,4196492,140721927381760,140721927364416,47090867978055,0,0,2,16800973,18446744073709551615,0,0,17,0,0,0,0,0,0,6294912,6295596,8482816,140721927386053,140721927386210,140721927386210,140721927405550,0,6.3,0.042048632032766216,4096,87380,16777216,4096,65536,16777216,202274.0,30.0,50331648.0,0.0,0.0,202274.0,0.0,0.0,0.0,0.0,0.0,0.0,0.0,0.0,0.0,0.0,0.0,0,0,20.7,46.8,11,gsfs-MDT0000-mdc-ffff89e606a9c000,1210.0,0.0,0.0,30.0,0.0,0.0,0.0,0.0,0.0,0.0,0.0,0.0,0.0,0.0,0.0,0.0,0.0,0.0,0.0,0.0,0.0,0.0,0.0,0.0,0.0,0.0,0.0,0.0,0.0,0.0,0.0,0.0,0.0,0.0,0.0,0.0,home-MDT0000-mdc-ffff89fbed24e800,390.0,0.0,0.0,11.0,0.0,0.0,0.0,0.0,0.0,0.0,0.0,0.0,0.0,0.0,0.0,0.0,0.0,0.0,0.0,0.0,0.0,0.0,0.0,0.0,0.0,87.0,0.0,0.0,0.0,0.0,0.0,0.0,0.0,0.0,0.0,0.0,home-MDT0001-mdc-ffff89fbed24e800,408.0,0.0,0.0,3.0,963.0,7.0,0.0,106.0,135.0,0.0,0.0,0.0,0.0,0.0,0.0,0.0,0.0,71.0,0.0,0.0,0.0,2.0,0.0,0.0,0.0,4.0,0.0,0.0,0.0,0.0,0.0,0.0,0.0,0.0,0.0,0.0,scratch-MDT0000-mdc-ffff89fbea624800,1238.0,0.0,0.0,158.0,0.0,0.0,0.0,0.0,0.0,0.0,0.0,0.0,0.0,0.0,0.0,0.0,0.0,0.0,0.0,0.0,0.0,0.0,0.0,0.0,0.0,7405.0,0.0,0.0,0.0,0.0,0.0,0.0,0.0,0.0,0.0,0.0,scratch-MDT0001-mdc-ffff89fbea624800,1283.0,4.0,0.0,499.0,3188488.0,24056.0,0.0,0.0,12389.0,1268736.0,0.0,0.0,0.0,0.0,0.0,0.0,0.0,0.0,0.0,0.0,0.0,103.0,0.0,0.0,0.0,14651.0,0.0,0.0,0.0,0.0,220.0,0.0,0.0,0.0,0.0,0.0,scratch-MDT0002-mdc-ffff89fbea624800,564.0,0.0,0.0,44.0,9439.0,57.0,0.0,0.0,3493.0,0.0,0.0,0.0,0.0,0.0,0.0,0.0,0.0,0.0,0.0,0.0,0.0,19.0,0.0,0.0,0.0,95.0,0.0,0.0,0.0,0.0,0.0,0.0,0.0,0.0,0.0,0.0,scratch-MDT0003-mdc-ffff89fbea624800,1839.0,0.0,0.0,18.0,0.0,0.0,0.0,0.0,0.0,0.0,0.0,0.0,0.0,0.0,0.0,0.0,0.0,0.0,0.0,0.0,0.0,0.0,0.0,0.0,0.0,0.0,0.0,0.0,0.0,0.0,0.0,0.0,0.0,0.0,0.0,0.0,work-MDT0000-mdc-ffff89f59db6a000,560.0,0.0,0.0,45.0,0.0,0.0,0.0,0.0,0.0,0.0,0.0,0.0,0.0,0.0,0.0,0.0,0.0,0.0,0.0,0.0,0.0,0.0,0.0,0.0,0.0,1.0,0.0,0.0,0.0,0.0,0.0,0.0,0.0,0.0,0.0,0.0,work-MDT0001-mdc-ffff89f59db6a000,376.0,0.0,0.0,53.0,0.0,0.0,0.0,0.0,0.0,0.0,0.0,0.0,0.0,0.0,0.0,0.0,0.0,0.0,0.0,0.0,0.0,0.0,0.0,0.0,0.0,0.0,0.0,0.0,0.0,0.0,0.0,0.0,0.0,0.0,0.0,0.0,work-MDT0002-mdc-ffff89f59db6a000,359.0,0.0,0.0,66.0,0.0,0.0,0.0,0.0,0.0,0.0,0.0,0.0,0.0,0.0,0.0,0.0,0.0,0.0,0.0,0.0,0.0,0.0,0.0,0.0,0.0,0.0,0.0,0.0,0.0,0.0,0.0,0.0,0.0,0.0,0.0,0.0,work-MDT0003-mdc-ffff89f59db6a000,342.0,0.0,0.0,363.0,0.0,0.0,0.0,0.0,0.0,0.0,0.0,0.0,0.0,0.0,0.0,0.0,0.0,0.0,0.0,0.0,0.0,0.0,0.0,0.0,0.0,0.0,0.0,0.0,0.0,0.0,0.0,0.0,0.0,0.0,0.0,0.0,0
31.19,895.1Mbps,195.0,232.0,56.15028381347656,6598.0,0.0,8948.0,158.0,4045.0,447.5Mbps,193.0,26880.0,14844732,228882147,248,4346,15,1159168,40960,0,354487,354471,354470,311660,2132085,354470,1077944320,23416,0,9,0,24,38,0,0,20,0,41,0,2552119272,8555679744,10295,18446744073709551615,4194304,4196492,140721927381760,140721927364416,47090867978055,0,0,2,16800973,18446744073709551615,0,0,17,0,0,0,0,0,0,6294912,6295596,8482816,140721927386053,140721927386210,140721927386210,140721927405550,0,5.4,0.04229926390241628,4096,87380,16777216,4096,65536,16777216,220434.0,40.0,67108864.0,0.0,0.0,220434.0,0.0,0.0,0.0,0.0,0.0,0.0,0.0,0.0,0.0,0.0,0.0,0,0,15.5,46.7,11,gsfs-MDT0000-mdc-ffff89e606a9c000,1210.0,0.0,0.0,30.0,0.0,0.0,0.0,0.0,0.0,0.0,0.0,0.0,0.0,0.0,0.0,0.0,0.0,0.0,0.0,0.0,0.0,0.0,0.0,0.0,0.0,0.0,0.0,0.0,0.0,0.0,0.0,0.0,0.0,0.0,0.0,0.0,home-MDT0000-mdc-ffff89fbed24e800,390.0,0.0,0.0,11.0,217.0,1.0,0.0,0.0,217.0,0.0,0.0,0.0,0.0,0.0,0.0,0.0,0.0,0.0,0.0,0.0,0.0,1.0,0.0,0.0,0.0,91.0,0.0,0.0,0.0,0.0,0.0,0.0,0.0,0.0,0.0,0.0,home-MDT0001-mdc-ffff89fbed24e800,408.0,0.0,0.0,3.0,1438.0,8.0,0.0,90.0,258.0,0.0,0.0,0.0,0.0,0.0,0.0,0.0,0.0,223.0,0.0,0.0,0.0,2.0,0.0,0.0,0.0,4.0,0.0,0.0,0.0,0.0,0.0,0.0,0.0,0.0,0.0,0.0,scratch-MDT0000-mdc-ffff89fbea624800,1238.0,0.0,0.0,158.0,323.0,2.0,0.0,0.0,0.0,0.0,0.0,0.0,0.0,0.0,0.0,0.0,0.0,82.0,0.0,0.0,0.0,0.0,0.0,0.0,0.0,538.0,0.0,0.0,0.0,0.0,0.0,0.0,0.0,0.0,0.0,0.0,scratch-MDT0001-mdc-ffff89fbea624800,1283.0,0.0,0.0,499.0,627219.0,2217.0,0.0,0.0,1784.0,174774.0,0.0,0.0,0.0,0.0,0.0,0.0,0.0,0.0,0.0,0.0,0.0,16.0,0.0,0.0,0.0,902.0,0.0,0.0,0.0,0.0,31.0,0.0,0.0,0.0,0.0,0.0,scratch-MDT0002-mdc-ffff89fbea624800,564.0,0.0,0.0,44.0,8237.0,48.0,0.0,0.0,2945.0,0.0,0.0,0.0,0.0,0.0,0.0,0.0,0.0,357.0,0.0,0.0,0.0,15.0,0.0,0.0,0.0,84.0,0.0,0.0,0.0,0.0,0.0,0.0,0.0,0.0,0.0,0.0,scratch-MDT0003-mdc-ffff89fbea624800,1839.0,0.0,0.0,18.0,0.0,0.0,0.0,0.0,0.0,0.0,0.0,0.0,0.0,0.0,0.0,0.0,0.0,0.0,0.0,0.0,0.0,0.0,0.0,0.0,0.0,0.0,0.0,0.0,0.0,0.0,0.0,0.0,0.0,0.0,0.0,0.0,work-MDT0000-mdc-ffff89f59db6a000,560.0,0.0,0.0,45.0,0.0,0.0,0.0,0.0,0.0,0.0,0.0,0.0,0.0,0.0,0.0,0.0,0.0,0.0,0.0,0.0,0.0,0.0,0.0,0.0,0.0,2396.0,0.0,0.0,0.0,0.0,0.0,0.0,0.0,0.0,0.0,0.0,work-MDT0001-mdc-ffff89f59db6a000,376.0,0.0,0.0,53.0,0.0,0.0,0.0,0.0,0.0,0.0,0.0,0.0,0.0,0.0,0.0,0.0,0.0,0.0,0.0,0.0,0.0,0.0,0.0,0.0,0.0,0.0,0.0,0.0,0.0,0.0,0.0,0.0,0.0,0.0,0.0,0.0,work-MDT0002-mdc-ffff89f59db6a000,359.0,0.0,0.0,66.0,0.0,0.0,0.0,0.0,0.0,0.0,0.0,0.0,0.0,0.0,0.0,0.0,0.0,0.0,0.0,0.0,0.0,0.0,0.0,0.0,0.0,0.0,0.0,0.0,0.0,0.0,0.0,0.0,0.0,0.0,0.0,0.0,work-MDT0003-mdc-ffff89f59db6a000,342.0,0.0,0.0,363.0,132442.0,792.0,0.0,0.0,36412.0,0.0,0.0,0.0,0.0,0.0,0.0,0.0,0.0,49756.0,0.0,0.0,0.0,182.0,0.0,0.0,0.0,591.0,0.0,0.0,0.0,0.0,1.0,0.0,0.0,0.0,0.0,0.0,0
31.158,712.2Mbps,155.0,232.0,56.09054946899414,6538.0,4.0,8948.0,145.0,4160.0,356.1Mbps,154.0,26880.0,14907368,287733475,292,4795,16,1159168,40960,0,354487,354471,354470,311660,2132085,354470,1077944320,23458,0,9,0,24,44,0,0,20,0,41,0,2552119272,8555581440,10269,18446744073709551615,4194304,4196492,140721927381760,140721927364416,47090867978055,0,0,2,16800973,18446744073709551615,0,0,17,0,0,0,0,0,0,6294912,6295596,8482816,140721927386053,140721927386210,140721927386210,140721927405550,0,5.4,0.04219243720387691,4096,87380,16777216,4096,65536,16777216,213035.0,30.0,50331648.0,0.0,0.0,213035.0,0.0,0.0,0.0,0.0,0.0,0.0,0.0,0.0,0.0,0.0,0.0,0,0,15.0,46.8,11,gsfs-MDT0000-mdc-ffff89e606a9c000,1210.0,0.0,0.0,30.0,0.0,0.0,0.0,0.0,0.0,0.0,0.0,0.0,0.0,0.0,0.0,0.0,0.0,0.0,0.0,0.0,0.0,0.0,0.0,0.0,0.0,0.0,0.0,0.0,0.0,0.0,0.0,0.0,0.0,0.0,0.0,0.0,home-MDT0000-mdc-ffff89fbed24e800,390.0,0.0,0.0,11.0,0.0,0.0,0.0,0.0,0.0,0.0,0.0,0.0,0.0,0.0,0.0,0.0,0.0,0.0,0.0,0.0,0.0,0.0,0.0,0.0,0.0,87.0,0.0,0.0,0.0,0.0,0.0,0.0,0.0,0.0,0.0,0.0,home-MDT0001-mdc-ffff89fbed24e800,408.0,0.0,0.0,3.0,1860.0,8.0,0.0,213.0,339.0,0.0,0.0,0.0,0.0,0.0,0.0,0.0,0.0,216.0,0.0,0.0,0.0,2.0,0.0,0.0,0.0,4.0,0.0,0.0,0.0,0.0,0.0,0.0,0.0,0.0,0.0,0.0,scratch-MDT0000-mdc-ffff89fbea624800,1238.0,0.0,0.0,158.0,0.0,0.0,0.0,0.0,0.0,0.0,0.0,0.0,0.0,0.0,0.0,0.0,0.0,0.0,0.0,0.0,0.0,0.0,0.0,0.0,0.0,12.0,0.0,0.0,0.0,0.0,0.0,0.0,0.0,0.0,0.0,0.0,scratch-MDT0001-mdc-ffff89fbea624800,1283.0,0.0,0.0,499.0,0.0,0.0,0.0,0.0,0.0,0.0,0.0,0.0,0.0,0.0,0.0,0.0,0.0,0.0,0.0,0.0,0.0,0.0,0.0,0.0,0.0,1.0,0.0,0.0,0.0,0.0,0.0,0.0,0.0,0.0,0.0,0.0,scratch-MDT0002-mdc-ffff89fbea624800,564.0,0.0,0.0,44.0,7775.0,49.0,0.0,0.0,3072.0,0.0,0.0,0.0,0.0,0.0,0.0,0.0,0.0,0.0,0.0,0.0,0.0,17.0,0.0,0.0,0.0,80.0,0.0,0.0,0.0,0.0,0.0,0.0,0.0,0.0,0.0,0.0,scratch-MDT0003-mdc-ffff89fbea624800,1839.0,0.0,0.0,18.0,0.0,0.0,0.0,0.0,0.0,0.0,0.0,0.0,0.0,0.0,0.0,0.0,0.0,0.0,0.0,0.0,0.0,0.0,0.0,0.0,0.0,0.0,0.0,0.0,0.0,0.0,0.0,0.0,0.0,0.0,0.0,0.0,work-MDT0000-mdc-ffff89f59db6a000,560.0,0.0,0.0,45.0,0.0,0.0,0.0,0.0,0.0,0.0,0.0,0.0,0.0,0.0,0.0,0.0,0.0,0.0,0.0,0.0,0.0,0.0,0.0,0.0,0.0,11.0,0.0,0.0,0.0,0.0,0.0,0.0,0.0,0.0,0.0,0.0,work-MDT0001-mdc-ffff89f59db6a000,376.0,0.0,0.0,53.0,0.0,0.0,0.0,0.0,0.0,0.0,0.0,0.0,0.0,0.0,0.0,0.0,0.0,0.0,0.0,0.0,0.0,0.0,0.0,0.0,0.0,0.0,0.0,0.0,0.0,0.0,0.0,0.0,0.0,0.0,0.0,0.0,work-MDT0002-mdc-ffff89f59db6a000,359.0,0.0,0.0,66.0,0.0,0.0,0.0,0.0,0.0,0.0,0.0,0.0,0.0,0.0,0.0,0.0,0.0,0.0,0.0,0.0,0.0,0.0,0.0,0.0,0.0,0.0,0.0,0.0,0.0,0.0,0.0,0.0,0.0,0.0,0.0,0.0,work-MDT0003-mdc-ffff89f59db6a000,342.0,0.0,0.0,363.0,6723.0,23.0,0.0,0.0,6723.0,0.0,0.0,0.0,0.0,0.0,0.0,0.0,0.0,0.0,0.0,0.0,0.0,23.0,0.0,0.0,0.0,1.0,0.0,0.0,0.0,0.0,0.0,0.0,0.0,0.0,0.0,0.0,0
31.153,841.0Mbps,183.0,232.0,49.93791198730469,5880.0,0.0,8948.0,145.0,3734.0,420.5Mbps,182.0,26880.0,16347996,341472995,336,5205,17,1159168,61440,0,354487,354471,354470,311660,2132085,354470,1077944320,23505,0,9,0,25,50,0,0,20,0,41,0,2552119272,8555585536,10266,18446744073709551615,4194304,4196492,140721927381760,140721927364416,47090867978055,0,0,2,16800973,18446744073709551615,0,0,17,0,0,0,0,0,0,6294912,6295596,8482816,140721927386053,140721927386210,140721927386210,140721927405550,0,6.3,0.04218011104635313,4096,87380,16777216,4096,65536,16777216,247727.0,41.0,50331648.0,15640.0,0.0,177278.0,70449.0,0.0,0.0,0.0,0.0,0.0,0.0,0.0,0.0,0.0,0.0,0,0,15.1,46.8,11,gsfs-MDT0000-mdc-ffff89e606a9c000,1210.0,0.0,0.0,30.0,0.0,0.0,0.0,0.0,0.0,0.0,0.0,0.0,0.0,0.0,0.0,0.0,0.0,0.0,0.0,0.0,0.0,0.0,0.0,0.0,0.0,0.0,0.0,0.0,0.0,0.0,0.0,0.0,0.0,0.0,0.0,0.0,home-MDT0000-mdc-ffff89fbed24e800,390.0,0.0,0.0,11.0,0.0,0.0,0.0,0.0,0.0,0.0,0.0,0.0,0.0,0.0,0.0,0.0,0.0,0.0,0.0,0.0,0.0,0.0,0.0,0.0,0.0,87.0,0.0,0.0,0.0,0.0,0.0,0.0,0.0,0.0,0.0,0.0,home-MDT0001-mdc-ffff89fbed24e800,408.0,0.0,0.0,3.0,955.0,7.0,0.0,86.0,148.0,0.0,0.0,0.0,0.0,0.0,0.0,0.0,0.0,106.0,0.0,0.0,0.0,2.0,0.0,0.0,0.0,4.0,0.0,0.0,0.0,0.0,0.0,0.0,0.0,0.0,0.0,0.0,scratch-MDT0000-mdc-ffff89fbea624800,1238.0,0.0,0.0,158.0,0.0,0.0,0.0,0.0,0.0,0.0,0.0,0.0,0.0,0.0,0.0,0.0,0.0,0.0,0.0,0.0,0.0,0.0,0.0,0.0,0.0,5.0,0.0,0.0,0.0,0.0,0.0,0.0,0.0,0.0,0.0,0.0,scratch-MDT0001-mdc-ffff89fbea624800,1283.0,0.0,0.0,499.0,0.0,0.0,0.0,0.0,0.0,0.0,0.0,0.0,0.0,0.0,0.0,0.0,0.0,0.0,0.0,0.0,0.0,0.0,0.0,0.0,0.0,1.0,0.0,0.0,0.0,0.0,0.0,0.0,0.0,0.0,0.0,0.0,scratch-MDT0002-mdc-ffff89fbea624800,564.0,0.0,0.0,44.0,9934.0,63.0,0.0,0.0,3992.0,0.0,0.0,0.0,0.0,0.0,0.0,0.0,0.0,0.0,0.0,0.0,0.0,21.0,0.0,0.0,0.0,105.0,0.0,0.0,0.0,0.0,0.0,0.0,0.0,0.0,0.0,0.0,scratch-MDT0003-mdc-ffff89fbea624800,1839.0,0.0,0.0,18.0,0.0,0.0,0.0,0.0,0.0,0.0,0.0,0.0,0.0,0.0,0.0,0.0,0.0,0.0,0.0,0.0,0.0,0.0,0.0,0.0,0.0,0.0,0.0,0.0,0.0,0.0,0.0,0.0,0.0,0.0,0.0,0.0,work-MDT0000-mdc-ffff89f59db6a000,560.0,0.0,0.0,45.0,0.0,0.0,0.0,0.0,0.0,0.0,0.0,0.0,0.0,0.0,0.0,0.0,0.0,0.0,0.0,0.0,0.0,0.0,0.0,0.0,0.0,1.0,0.0,0.0,0.0,0.0,0.0,0.0,0.0,0.0,0.0,0.0,work-MDT0001-mdc-ffff89f59db6a000,376.0,0.0,0.0,53.0,0.0,0.0,0.0,0.0,0.0,0.0,0.0,0.0,0.0,0.0,0.0,0.0,0.0,0.0,0.0,0.0,0.0,0.0,0.0,0.0,0.0,0.0,0.0,0.0,0.0,0.0,0.0,0.0,0.0,0.0,0.0,0.0,work-MDT0002-mdc-ffff89f59db6a000,359.0,0.0,0.0,66.0,0.0,0.0,0.0,0.0,0.0,0.0,0.0,0.0,0.0,0.0,0.0,0.0,0.0,0.0,0.0,0.0,0.0,0.0,0.0,0.0,0.0,0.0,0.0,0.0,0.0,0.0,0.0,0.0,0.0,0.0,0.0,0.0,work-MDT0003-mdc-ffff89f59db6a000,342.0,0.0,0.0,363.0,0.0,0.0,0.0,0.0,0.0,0.0,0.0,0.0,0.0,0.0,0.0,0.0,0.0,0.0,0.0,0.0,0.0,0.0,0.0,0.0,0.0,0.0,0.0,0.0,0.0,0.0,0.0,0.0,0.0,0.0,0.0,0.0,0
31.177,913.8Mbps,199.0,232.0,58.00204849243164,6811.0,0.0,8948.0,145.0,4321.0,456.9Mbps,196.0,26880.0,14719460,400717539,380,5657,18,1159168,61440,0,354487,354471,354470,311660,2132085,354470,1077944320,23548,0,9,0,25,56,0,0,20,0,41,0,2552119272,8555585536,10263,18446744073709551615,4194304,4196492,140721927381760,140721927364416,47090867978055,0,0,2,16800973,18446744073709551615,0,0,17,0,0,0,0,0,0,6294912,6295596,8482816,140721927386053,140721927386210,140721927386210,140721927405550,0,5.4,0.04216778488882936,4096,87380,16777216,4096,65536,16777216,265498.0,40.0,67108864.0,0.0,0.0,265498.0,0.0,0.0,0.0,0.0,0.0,0.0,0.0,0.0,0.0,0.0,0.0,0,0,15.1,46.8,11,gsfs-MDT0000-mdc-ffff89e606a9c000,1210.0,0.0,0.0,30.0,0.0,0.0,0.0,0.0,0.0,0.0,0.0,0.0,0.0,0.0,0.0,0.0,0.0,0.0,0.0,0.0,0.0,0.0,0.0,0.0,0.0,0.0,0.0,0.0,0.0,0.0,0.0,0.0,0.0,0.0,0.0,0.0,home-MDT0000-mdc-ffff89fbed24e800,390.0,0.0,0.0,11.0,0.0,0.0,0.0,0.0,0.0,0.0,0.0,0.0,0.0,0.0,0.0,0.0,0.0,0.0,0.0,0.0,0.0,0.0,0.0,0.0,0.0,87.0,0.0,0.0,0.0,0.0,0.0,0.0,0.0,0.0,0.0,0.0,home-MDT0001-mdc-ffff89fbed24e800,408.0,0.0,0.0,3.0,2436.0,8.0,0.0,269.0,225.0,0.0,0.0,0.0,0.0,0.0,0.0,0.0,0.0,170.0,0.0,0.0,0.0,2.0,0.0,0.0,0.0,4.0,0.0,0.0,0.0,0.0,0.0,0.0,0.0,0.0,0.0,0.0,scratch-MDT0000-mdc-ffff89fbea624800,1238.0,0.0,0.0,158.0,0.0,0.0,0.0,0.0,0.0,0.0,0.0,0.0,0.0,0.0,0.0,0.0,0.0,0.0,0.0,0.0,0.0,0.0,0.0,0.0,0.0,5.0,0.0,0.0,0.0,0.0,0.0,0.0,0.0,0.0,0.0,0.0,scratch-MDT0001-mdc-ffff89fbea624800,1283.0,0.0,0.0,499.0,211.0,2.0,0.0,0.0,59.0,0.0,0.0,0.0,0.0,0.0,0.0,0.0,0.0,0.0,0.0,0.0,0.0,1.0,0.0,0.0,0.0,2.0,0.0,0.0,0.0,0.0,1.0,0.0,0.0,0.0,0.0,0.0,scratch-MDT0002-mdc-ffff89fbea624800,564.0,0.0,0.0,44.0,56579.0,103.0,0.0,0.0,7041.0,37458.0,0.0,0.0,0.0,0.0,0.0,0.0,0.0,0.0,0.0,0.0,0.0,33.0,0.0,0.0,0.0,169.0,0.0,0.0,0.0,0.0,4.0,0.0,0.0,0.0,0.0,0.0,scratch-MDT0003-mdc-ffff89fbea624800,1839.0,0.0,0.0,18.0,0.0,0.0,0.0,0.0,0.0,0.0,0.0,0.0,0.0,0.0,0.0,0.0,0.0,0.0,0.0,0.0,0.0,0.0,0.0,0.0,0.0,0.0,0.0,0.0,0.0,0.0,0.0,0.0,0.0,0.0,0.0,0.0,work-MDT0000-mdc-ffff89f59db6a000,560.0,0.0,0.0,45.0,0.0,0.0,0.0,0.0,0.0,0.0,0.0,0.0,0.0,0.0,0.0,0.0,0.0,0.0,0.0,0.0,0.0,0.0,0.0,0.0,0.0,1.0,0.0,0.0,0.0,0.0,0.0,0.0,0.0,0.0,0.0,0.0,work-MDT0001-mdc-ffff89f59db6a000,376.0,0.0,0.0,53.0,0.0,0.0,0.0,0.0,0.0,0.0,0.0,0.0,0.0,0.0,0.0,0.0,0.0,0.0,0.0,0.0,0.0,0.0,0.0,0.0,0.0,0.0,0.0,0.0,0.0,0.0,0.0,0.0,0.0,0.0,0.0,0.0,work-MDT0002-mdc-ffff89f59db6a000,359.0,0.0,0.0,66.0,0.0,0.0,0.0,0.0,0.0,0.0,0.0,0.0,0.0,0.0,0.0,0.0,0.0,0.0,0.0,0.0,0.0,0.0,0.0,0.0,0.0,0.0,0.0,0.0,0.0,0.0,0.0,0.0,0.0,0.0,0.0,0.0,work-MDT0003-mdc-ffff89f59db6a000,342.0,0.0,0.0,363.0,0.0,0.0,0.0,0.0,0.0,0.0,0.0,0.0,0.0,0.0,0.0,0.0,0.0,0.0,0.0,0.0,0.0,0.0,0.0,0.0,0.0,0.0,0.0,0.0,0.0,0.0,0.0,0.0,0.0,0.0,0.0,0.0,0
31.167,946.3Mbps,206.0,232.0,60.45115661621094,7091.0,0.0,8948.0,145.0,4458.0,473.1Mbps,203.0,26880.0,14281008,463632099,424,6137,19,1159168,69632,0,354487,354471,354470,311660,2132085,354470,1077944320,23598,0,9,0,26,62,0,0,20,0,41,0,2552119272,8555585536,10259,18446744073709551615,4194304,4196492,140721927381760,140721927364416,47090867978055,0,0,2,16800973,18446744073709551615,0,0,17,0,0,0,0,0,0,6294912,6295596,8482816,140721927386053,140721927386210,140721927386210,140721927405550,0,6.3,0.042151350012130995,4096,87380,16777216,4096,65536,16777216,334275.0,40.0,67108864.0,0.0,0.0,334275.0,0.0,0.0,0.0,0.0,0.0,0.0,0.0,0.0,0.0,0.0,0.0,0,0,14.2,46.8,11,gsfs-MDT0000-mdc-ffff89e606a9c000,1210.0,0.0,0.0,30.0,0.0,0.0,0.0,0.0,0.0,0.0,0.0,0.0,0.0,0.0,0.0,0.0,0.0,0.0,0.0,0.0,0.0,0.0,0.0,0.0,0.0,0.0,0.0,0.0,0.0,0.0,0.0,0.0,0.0,0.0,0.0,0.0,home-MDT0000-mdc-ffff89fbed24e800,390.0,0.0,0.0,11.0,0.0,0.0,0.0,0.0,0.0,0.0,0.0,0.0,0.0,0.0,0.0,0.0,0.0,0.0,0.0,0.0,0.0,0.0,0.0,0.0,0.0,87.0,0.0,0.0,0.0,0.0,0.0,0.0,0.0,0.0,0.0,0.0,home-MDT0001-mdc-ffff89fbed24e800,408.0,0.0,0.0,3.0,1358.0,7.0,0.0,155.0,232.0,0.0,0.0,0.0,0.0,0.0,0.0,0.0,0.0,109.0,0.0,0.0,0.0,2.0,0.0,0.0,0.0,4.0,0.0,0.0,0.0,0.0,0.0,0.0,0.0,0.0,0.0,0.0,scratch-MDT0000-mdc-ffff89fbea624800,1238.0,0.0,0.0,158.0,0.0,0.0,0.0,0.0,0.0,0.0,0.0,0.0,0.0,0.0,0.0,0.0,0.0,0.0,0.0,0.0,0.0,0.0,0.0,0.0,0.0,5.0,0.0,0.0,0.0,0.0,0.0,0.0,0.0,0.0,0.0,0.0,scratch-MDT0001-mdc-ffff89fbea624800,1283.0,0.0,0.0,499.0,0.0,0.0,0.0,0.0,0.0,0.0,0.0,0.0,0.0,0.0,0.0,0.0,0.0,0.0,0.0,0.0,0.0,0.0,0.0,0.0,0.0,1.0,0.0,0.0,0.0,0.0,0.0,0.0,0.0,0.0,0.0,0.0,scratch-MDT0002-mdc-ffff89fbea624800,564.0,0.0,0.0,44.0,189261.0,76.0,0.0,0.0,26337.0,156530.0,0.0,0.0,0.0,0.0,0.0,0.0,0.0,0.0,0.0,0.0,0.0,25.0,0.0,0.0,0.0,126.0,0.0,0.0,0.0,0.0,1.0,0.0,0.0,0.0,0.0,0.0,scratch-MDT0003-mdc-ffff89fbea624800,1839.0,0.0,0.0,18.0,0.0,0.0,0.0,0.0,0.0,0.0,0.0,0.0,0.0,0.0,0.0,0.0,0.0,0.0,0.0,0.0,0.0,0.0,0.0,0.0,0.0,0.0,0.0,0.0,0.0,0.0,0.0,0.0,0.0,0.0,0.0,0.0,work-MDT0000-mdc-ffff89f59db6a000,560.0,0.0,0.0,45.0,0.0,0.0,0.0,0.0,0.0,0.0,0.0,0.0,0.0,0.0,0.0,0.0,0.0,0.0,0.0,0.0,0.0,0.0,0.0,0.0,0.0,1.0,0.0,0.0,0.0,0.0,0.0,0.0,0.0,0.0,0.0,0.0,work-MDT0001-mdc-ffff89f59db6a000,376.0,0.0,0.0,53.0,0.0,0.0,0.0,0.0,0.0,0.0,0.0,0.0,0.0,0.0,0.0,0.0,0.0,0.0,0.0,0.0,0.0,0.0,0.0,0.0,0.0,0.0,0.0,0.0,0.0,0.0,0.0,0.0,0.0,0.0,0.0,0.0,work-MDT0002-mdc-ffff89f59db6a000,359.0,0.0,0.0,66.0,0.0,0.0,0.0,0.0,0.0,0.0,0.0,0.0,0.0,0.0,0.0,0.0,0.0,0.0,0.0,0.0,0.0,0.0,0.0,0.0,0.0,0.0,0.0,0.0,0.0,0.0,0.0,0.0,0.0,0.0,0.0,0.0,work-MDT0003-mdc-ffff89f59db6a000,342.0,0.0,0.0,363.0,0.0,0.0,0.0,0.0,0.0,0.0,0.0,0.0,0.0,0.0,0.0,0.0,0.0,0.0,0.0,0.0,0.0,0.0,0.0,0.0,0.0,0.0,0.0,0.0,0.0,0.0,0.0,0.0,0.0,0.0,0.0,0.0,0
31.257,1021.4Mbps,223.0,232.0,63.642677307128906,7476.0,0.0,8948.0,145.0,4649.0,510.7Mbps,221.0,26880.0,12124540,528250595,468,6630,20,1159168,69632,0,354487,354471,354470,311660,2132085,354470,1077944320,23640,0,9,0,27,68,0,0,20,0,41,0,2552119272,8555552768,10247,18446744073709551615,4194304,4196492,140721927381760,140721927364416,47090867978055,0,0,2,16800973,18446744073709551615,0,0,17,0,0,0,0,0,0,6294912,6295596,8482816,140721927386053,140721927386210,140721927386210,140721927405550,0,6.3,0.0421020453820359,4096,87380,16777216,4096,65536,16777216,226155.0,40.0,50331648.0,0.0,0.0,226155.0,0.0,0.0,0.0,0.0,0.0,0.0,0.0,0.0,0.0,4.0,0.0,0,0,15.7,46.8,11,gsfs-MDT0000-mdc-ffff89e606a9c000,1210.0,0.0,0.0,30.0,0.0,0.0,0.0,0.0,0.0,0.0,0.0,0.0,0.0,0.0,0.0,0.0,0.0,0.0,0.0,0.0,0.0,0.0,0.0,0.0,0.0,0.0,0.0,0.0,0.0,0.0,0.0,0.0,0.0,0.0,0.0,0.0,home-MDT0000-mdc-ffff89fbed24e800,390.0,0.0,0.0,11.0,0.0,0.0,0.0,0.0,0.0,0.0,0.0,0.0,0.0,0.0,0.0,0.0,0.0,0.0,0.0,0.0,0.0,0.0,0.0,0.0,0.0,87.0,0.0,0.0,0.0,0.0,0.0,0.0,0.0,0.0,0.0,0.0,home-MDT0001-mdc-ffff89fbed24e800,408.0,0.0,0.0,3.0,1512.0,8.0,0.0,202.0,378.0,0.0,0.0,0.0,0.0,0.0,0.0,0.0,0.0,104.0,0.0,0.0,0.0,2.0,0.0,0.0,0.0,4.0,0.0,0.0,0.0,0.0,0.0,0.0,0.0,0.0,0.0,0.0,scratch-MDT0000-mdc-ffff89fbea624800,1238.0,0.0,0.0,158.0,0.0,0.0,0.0,0.0,0.0,0.0,0.0,0.0,0.0,0.0,0.0,0.0,0.0,0.0,0.0,0.0,0.0,0.0,0.0,0.0,0.0,5.0,0.0,0.0,0.0,0.0,0.0,0.0,0.0,0.0,0.0,0.0,scratch-MDT0001-mdc-ffff89fbea624800,1283.0,0.0,0.0,499.0,0.0,0.0,0.0,0.0,0.0,0.0,0.0,0.0,0.0,0.0,0.0,0.0,0.0,0.0,0.0,0.0,0.0,0.0,0.0,0.0,0.0,1.0,0.0,0.0,0.0,0.0,0.0,0.0,0.0,0.0,0.0,0.0,scratch-MDT0002-mdc-ffff89fbea624800,564.0,0.0,0.0,44.0,23771.0,73.0,0.0,0.0,4099.0,12255.0,0.0,0.0,0.0,0.0,0.0,0.0,0.0,0.0,0.0,0.0,0.0,24.0,0.0,0.0,0.0,121.0,0.0,0.0,0.0,0.0,1.0,0.0,0.0,0.0,0.0,0.0,scratch-MDT0003-mdc-ffff89fbea624800,1839.0,0.0,0.0,18.0,0.0,0.0,0.0,0.0,0.0,0.0,0.0,0.0,0.0,0.0,0.0,0.0,0.0,0.0,0.0,0.0,0.0,0.0,0.0,0.0,0.0,0.0,0.0,0.0,0.0,0.0,0.0,0.0,0.0,0.0,0.0,0.0,work-MDT0000-mdc-ffff89f59db6a000,560.0,0.0,0.0,45.0,0.0,0.0,0.0,0.0,0.0,0.0,0.0,0.0,0.0,0.0,0.0,0.0,0.0,0.0,0.0,0.0,0.0,0.0,0.0,0.0,0.0,1.0,0.0,0.0,0.0,0.0,0.0,0.0,0.0,0.0,0.0,0.0,work-MDT0001-mdc-ffff89f59db6a000,376.0,0.0,0.0,53.0,0.0,0.0,0.0,0.0,0.0,0.0,0.0,0.0,0.0,0.0,0.0,0.0,0.0,0.0,0.0,0.0,0.0,0.0,0.0,0.0,0.0,0.0,0.0,0.0,0.0,0.0,0.0,0.0,0.0,0.0,0.0,0.0,work-MDT0002-mdc-ffff89f59db6a000,359.0,0.0,0.0,66.0,0.0,0.0,0.0,0.0,0.0,0.0,0.0,0.0,0.0,0.0,0.0,0.0,0.0,0.0,0.0,0.0,0.0,0.0,0.0,0.0,0.0,0.0,0.0,0.0,0.0,0.0,0.0,0.0,0.0,0.0,0.0,0.0,work-MDT0003-mdc-ffff89f59db6a000,342.0,0.0,0.0,363.0,0.0,0.0,0.0,0.0,0.0,0.0,0.0,0.0,0.0,0.0,0.0,0.0,0.0,0.0,0.0,0.0,0.0,0.0,0.0,0.0,0.0,0.0,0.0,0.0,0.0,0.0,0.0,0.0,0.0,0.0,0.0,0.0,0
31.168,1111.6Mbps,242.0,232.0,70.4609260559082,8277.0,0.0,8948.0,145.0,5516.0,555.8Mbps,241.0,26880.0,12151384,602175203,512,7194,21,1159168,69632,0,354487,354471,354470,311660,2132085,354470,1077944320,23684,0,9,0,28,75,0,0,20,0,41,0,2552119272,8555552768,10309,18446744073709551615,4194304,4196492,140721927381760,140721927364416,47090867978055,0,0,2,16800973,18446744073709551615,0,0,17,0,0,0,0,0,0,6294912,6295596,8482816,140721927386053,140721927386210,140721927386210,140721927405550,0,7.2,0.04235678597086055,4096,87380,16777216,4096,65536,16777216,590001.0,44.0,83886080.0,0.0,0.0,588929.0,0.0,0.0,0.0,0.0,0.0,0.0,0.0,222.0,0.0,0.0,0.0,0,0,15.5,46.8,11,gsfs-MDT0000-mdc-ffff89e606a9c000,1210.0,0.0,0.0,30.0,0.0,0.0,0.0,0.0,0.0,0.0,0.0,0.0,0.0,0.0,0.0,0.0,0.0,0.0,0.0,0.0,0.0,0.0,0.0,0.0,0.0,0.0,0.0,0.0,0.0,0.0,0.0,0.0,0.0,0.0,0.0,0.0,home-MDT0000-mdc-ffff89fbed24e800,390.0,0.0,0.0,11.0,0.0,0.0,0.0,0.0,0.0,0.0,0.0,0.0,0.0,0.0,0.0,0.0,0.0,0.0,0.0,0.0,0.0,0.0,0.0,0.0,0.0,87.0,0.0,0.0,0.0,0.0,0.0,0.0,0.0,0.0,0.0,0.0,home-MDT0001-mdc-ffff89fbed24e800,408.0,0.0,0.0,3.0,2950.0,16.0,0.0,112.0,583.0,0.0,0.0,0.0,0.0,0.0,0.0,0.0,0.0,234.0,0.0,0.0,0.0,4.0,0.0,0.0,0.0,10.0,0.0,0.0,0.0,0.0,0.0,0.0,0.0,0.0,0.0,0.0,scratch-MDT0000-mdc-ffff89fbea624800,1238.0,0.0,0.0,158.0,0.0,0.0,0.0,0.0,0.0,0.0,0.0,0.0,0.0,0.0,0.0,0.0,0.0,0.0,0.0,0.0,0.0,0.0,0.0,0.0,0.0,5.0,0.0,0.0,0.0,0.0,0.0,0.0,0.0,0.0,0.0,0.0,scratch-MDT0001-mdc-ffff89fbea624800,1283.0,0.0,0.0,499.0,0.0,0.0,0.0,0.0,0.0,0.0,0.0,0.0,0.0,0.0,0.0,0.0,0.0,0.0,0.0,0.0,0.0,0.0,0.0,0.0,0.0,1.0,0.0,0.0,0.0,0.0,0.0,0.0,0.0,0.0,0.0,0.0,scratch-MDT0002-mdc-ffff89fbea624800,564.0,0.0,0.0,44.0,20885.0,60.0,0.0,0.0,4777.0,8277.0,0.0,0.0,0.0,0.0,0.0,0.0,0.0,0.0,0.0,0.0,0.0,19.0,0.0,0.0,0.0,100.0,0.0,0.0,0.0,0.0,1.0,0.0,0.0,0.0,0.0,0.0,scratch-MDT0003-mdc-ffff89fbea624800,1839.0,0.0,0.0,18.0,0.0,0.0,0.0,0.0,0.0,0.0,0.0,0.0,0.0,0.0,0.0,0.0,0.0,0.0,0.0,0.0,0.0,0.0,0.0,0.0,0.0,0.0,0.0,0.0,0.0,0.0,0.0,0.0,0.0,0.0,0.0,0.0,work-MDT0000-mdc-ffff89f59db6a000,560.0,0.0,0.0,45.0,0.0,0.0,0.0,0.0,0.0,0.0,0.0,0.0,0.0,0.0,0.0,0.0,0.0,0.0,0.0,0.0,0.0,0.0,0.0,0.0,0.0,1.0,0.0,0.0,0.0,0.0,0.0,0.0,0.0,0.0,0.0,0.0,work-MDT0001-mdc-ffff89f59db6a000,376.0,0.0,0.0,53.0,0.0,0.0,0.0,0.0,0.0,0.0,0.0,0.0,0.0,0.0,0.0,0.0,0.0,0.0,0.0,0.0,0.0,0.0,0.0,0.0,0.0,0.0,0.0,0.0,0.0,0.0,0.0,0.0,0.0,0.0,0.0,0.0,work-MDT0002-mdc-ffff89f59db6a000,359.0,0.0,0.0,66.0,0.0,0.0,0.0,0.0,0.0,0.0,0.0,0.0,0.0,0.0,0.0,0.0,0.0,0.0,0.0,0.0,0.0,0.0,0.0,0.0,0.0,0.0,0.0,0.0,0.0,0.0,0.0,0.0,0.0,0.0,0.0,0.0,work-MDT0003-mdc-ffff89f59db6a000,342.0,0.0,0.0,363.0,0.0,0.0,0.0,0.0,0.0,0.0,0.0,0.0,0.0,0.0,0.0,0.0,0.0,0.0,0.0,0.0,0.0,0.0,0.0,0.0,0.0,0.0,0.0,0.0,0.0,0.0,0.0,0.0,0.0,0.0,0.0,0.0,0
31.169,1198.8Mbps,261.0,232.0,75.80288314819336,8901.0,0.0,8948.0,145.0,5932.0,599.4Mbps,259.0,26880.0,15032640,684488419,600,7822,23,1159168,73728,0,354487,354471,354470,311660,2132085,354470,1077944320,23767,0,9,0,28,85,0,0,20,0,41,0,2552119272,8555552768,10301,18446744073709551615,4194304,4196492,140721927381760,140721927364416,47090867978055,0,0,2,16800973,18446744073709551615,0,0,17,0,0,0,0,0,0,6294912,6295596,8482816,140721927386053,140721927386210,140721927386210,140721927405550,0,9.0,0.04232391621746383,4096,87380,16777216,4096,65536,16777216,560700.0,53.0,83886080.0,25093.0,0.0,512399.0,48301.0,0.0,0.0,0.0,0.0,0.0,0.0,0.0,0.0,0.0,0.0,0,0,16.7,46.9,11,gsfs-MDT0000-mdc-ffff89e606a9c000,1210.0,0.0,0.0,30.0,0.0,0.0,0.0,0.0,0.0,0.0,0.0,0.0,0.0,0.0,0.0,0.0,0.0,0.0,0.0,0.0,0.0,0.0,0.0,0.0,0.0,0.0,0.0,0.0,0.0,0.0,0.0,0.0,0.0,0.0,0.0,0.0,home-MDT0000-mdc-ffff89fbed24e800,390.0,0.0,0.0,11.0,0.0,0.0,0.0,0.0,0.0,0.0,0.0,0.0,0.0,0.0,0.0,0.0,0.0,0.0,0.0,0.0,0.0,0.0,0.0,0.0,0.0,87.0,0.0,0.0,0.0,0.0,0.0,0.0,0.0,0.0,0.0,0.0,home-MDT0001-mdc-ffff89fbed24e800,408.0,0.0,0.0,3.0,2242.0,7.0,0.0,203.0,385.0,0.0,0.0,0.0,0.0,0.0,0.0,0.0,0.0,82.0,0.0,0.0,0.0,2.0,0.0,0.0,0.0,4.0,0.0,0.0,0.0,0.0,0.0,0.0,0.0,0.0,0.0,0.0,scratch-MDT0000-mdc-ffff89fbea624800,1238.0,0.0,0.0,158.0,0.0,0.0,0.0,0.0,0.0,0.0,0.0,0.0,0.0,0.0,0.0,0.0,0.0,0.0,0.0,0.0,0.0,0.0,0.0,0.0,0.0,5.0,0.0,0.0,0.0,0.0,0.0,0.0,0.0,0.0,0.0,0.0,scratch-MDT0001-mdc-ffff89fbea624800,1283.0,0.0,0.0,499.0,0.0,0.0,0.0,0.0,0.0,0.0,0.0,0.0,0.0,0.0,0.0,0.0,0.0,0.0,0.0,0.0,0.0,0.0,0.0,0.0,0.0,1.0,0.0,0.0,0.0,0.0,0.0,0.0,0.0,0.0,0.0,0.0,scratch-MDT0002-mdc-ffff89fbea624800,564.0,0.0,0.0,44.0,5847.0,34.0,0.0,0.0,2472.0,0.0,0.0,0.0,0.0,0.0,0.0,0.0,0.0,0.0,0.0,0.0,0.0,12.0,0.0,0.0,0.0,56.0,0.0,0.0,0.0,0.0,0.0,0.0,0.0,0.0,0.0,0.0,scratch-MDT0003-mdc-ffff89fbea624800,1839.0,0.0,0.0,18.0,0.0,0.0,0.0,0.0,0.0,0.0,0.0,0.0,0.0,0.0,0.0,0.0,0.0,0.0,0.0,0.0,0.0,0.0,0.0,0.0,0.0,0.0,0.0,0.0,0.0,0.0,0.0,0.0,0.0,0.0,0.0,0.0,work-MDT0000-mdc-ffff89f59db6a000,560.0,0.0,0.0,45.0,0.0,0.0,0.0,0.0,0.0,0.0,0.0,0.0,0.0,0.0,0.0,0.0,0.0,0.0,0.0,0.0,0.0,0.0,0.0,0.0,0.0,1.0,0.0,0.0,0.0,0.0,0.0,0.0,0.0,0.0,0.0,0.0,work-MDT0001-mdc-ffff89f59db6a000,376.0,0.0,0.0,53.0,0.0,0.0,0.0,0.0,0.0,0.0,0.0,0.0,0.0,0.0,0.0,0.0,0.0,0.0,0.0,0.0,0.0,0.0,0.0,0.0,0.0,0.0,0.0,0.0,0.0,0.0,0.0,0.0,0.0,0.0,0.0,0.0,work-MDT0002-mdc-ffff89f59db6a000,359.0,0.0,0.0,66.0,0.0,0.0,0.0,0.0,0.0,0.0,0.0,0.0,0.0,0.0,0.0,0.0,0.0,0.0,0.0,0.0,0.0,0.0,0.0,0.0,0.0,0.0,0.0,0.0,0.0,0.0,0.0,0.0,0.0,0.0,0.0,0.0,work-MDT0003-mdc-ffff89f59db6a000,342.0,0.0,0.0,363.0,0.0,0.0,0.0,0.0,0.0,0.0,0.0,0.0,0.0,0.0,0.0,0.0,0.0,0.0,0.0,0.0,0.0,0.0,0.0,0.0,0.0,0.0,0.0,0.0,0.0,0.0,0.0,0.0,0.0,0.0,0.0,0.0,0
31.175,904.7Mbps,197.0,232.0,81.94698715209961,9542.0,1.0,8948.0,196.0,6454.0,452.4Mbps,197.0,26880.0,12161788,771913443,644,8489,24,1159168,73728,0,354487,354471,354470,311660,2132085,354470,1077944320,24139,0,9,0,30,94,0,0,20,0,41,0,2552119272,8555556864,10647,18446744073709551615,4194304,4196492,140721927381760,140721927364416,47090867978055,0,0,2,16800973,18446744073709551615,0,0,17,0,0,0,0,0,0,6294912,6295596,8482816,140721927386053,140721927386210,140721927386210,140721927405550,0,9.9,0.04374553305187237,4096,87380,16777216,4096,65536,16777216,637573.0,50.0,83886080.0,0.0,0.0,637573.0,0.0,0.0,0.0,0.0,0.0,0.0,0.0,0.0,0.0,0.0,0.0,0,0,18.0,46.9,11,gsfs-MDT0000-mdc-ffff89e606a9c000,1210.0,0.0,0.0,30.0,0.0,0.0,0.0,0.0,0.0,0.0,0.0,0.0,0.0,0.0,0.0,0.0,0.0,0.0,0.0,0.0,0.0,0.0,0.0,0.0,0.0,0.0,0.0,0.0,0.0,0.0,0.0,0.0,0.0,0.0,0.0,0.0,home-MDT0000-mdc-ffff89fbed24e800,390.0,0.0,0.0,11.0,4701.0,19.0,0.0,0.0,725.0,0.0,0.0,0.0,0.0,0.0,0.0,0.0,0.0,126.0,0.0,0.0,0.0,3.0,0.0,0.0,0.0,223.0,0.0,0.0,0.0,0.0,0.0,0.0,0.0,0.0,0.0,8.0,home-MDT0001-mdc-ffff89fbed24e800,408.0,0.0,0.0,3.0,2467.0,8.0,0.0,221.0,319.0,0.0,0.0,0.0,0.0,0.0,0.0,0.0,0.0,169.0,0.0,0.0,0.0,2.0,0.0,0.0,0.0,59.0,0.0,0.0,0.0,0.0,0.0,0.0,0.0,0.0,0.0,0.0,scratch-MDT0000-mdc-ffff89fbea624800,1238.0,0.0,0.0,158.0,0.0,0.0,0.0,0.0,0.0,0.0,0.0,0.0,0.0,0.0,0.0,0.0,0.0,0.0,0.0,0.0,0.0,0.0,0.0,0.0,0.0,54.0,0.0,0.0,0.0,0.0,0.0,0.0,0.0,0.0,0.0,0.0,scratch-MDT0001-mdc-ffff89fbea624800,1283.0,0.0,0.0,499.0,22177.0,93.0,0.0,0.0,1666.0,0.0,0.0,0.0,0.0,0.0,0.0,0.0,0.0,54.0,0.0,0.0,0.0,28.0,0.0,0.0,0.0,57.0,0.0,0.0,0.0,0.0,0.0,2.0,0.0,0.0,0.0,9.0,scratch-MDT0002-mdc-ffff89fbea624800,564.0,0.0,0.0,44.0,32154.0,107.0,0.0,0.0,6737.0,14939.0,0.0,0.0,0.0,0.0,0.0,0.0,0.0,0.0,0.0,0.0,0.0,35.0,0.0,0.0,0.0,177.0,0.0,0.0,0.0,0.0,2.0,0.0,0.0,0.0,0.0,0.0,scratch-MDT0003-mdc-ffff89fbea624800,1839.0,0.0,0.0,18.0,0.0,0.0,0.0,0.0,0.0,0.0,0.0,0.0,0.0,0.0,0.0,0.0,0.0,0.0,0.0,0.0,0.0,0.0,0.0,0.0,0.0,0.0,0.0,0.0,0.0,0.0,0.0,0.0,0.0,0.0,0.0,0.0,work-MDT0000-mdc-ffff89f59db6a000,560.0,0.0,0.0,45.0,0.0,0.0,0.0,0.0,0.0,0.0,0.0,0.0,0.0,0.0,0.0,0.0,0.0,0.0,0.0,0.0,0.0,0.0,0.0,0.0,0.0,33.0,0.0,0.0,0.0,0.0,0.0,0.0,0.0,0.0,0.0,0.0,work-MDT0001-mdc-ffff89f59db6a000,376.0,0.0,0.0,53.0,0.0,0.0,0.0,0.0,0.0,0.0,0.0,0.0,0.0,0.0,0.0,0.0,0.0,0.0,0.0,0.0,0.0,0.0,0.0,0.0,0.0,0.0,0.0,0.0,0.0,0.0,0.0,0.0,0.0,0.0,0.0,0.0,work-MDT0002-mdc-ffff89f59db6a000,359.0,0.0,0.0,66.0,0.0,0.0,0.0,0.0,0.0,0.0,0.0,0.0,0.0,0.0,0.0,0.0,0.0,0.0,0.0,0.0,0.0,0.0,0.0,0.0,0.0,2.0,0.0,0.0,0.0,0.0,0.0,0.0,0.0,0.0,0.0,0.0,work-MDT0003-mdc-ffff89f59db6a000,342.0,0.0,0.0,363.0,0.0,0.0,0.0,0.0,0.0,0.0,0.0,0.0,0.0,0.0,0.0,0.0,0.0,0.0,0.0,0.0,0.0,0.0,0.0,0.0,0.0,0.0,0.0,0.0,0.0,0.0,0.0,0.0,0.0,0.0,0.0,0.0,0
31.164,1084.2Mbps,236.0,232.0,65.05923461914062,7658.0,0.0,8948.0,196.0,4791.0,542.1Mbps,231.0,26880.0,14155736,837842659,688,8992,25,1159168,73728,0,354487,354471,354470,311660,2132085,354470,1077944320,24181,0,9,0,30,100,0,0,20,0,41,0,2552119272,8555556864,10644,18446744073709551615,4194304,4196492,140721927381760,140721927364416,47090867978055,0,0,2,16800973,18446744073709551615,0,0,17,0,0,0,0,0,0,6294912,6295596,8482816,140721927386053,140721927386210,140721927386210,140721927405550,0,5.4,0.043733206894348606,4096,87380,16777216,4096,65536,16777216,508712.0,40.0,67108864.0,0.0,0.0,508712.0,0.0,0.0,0.0,0.0,0.0,0.0,0.0,0.0,0.0,0.0,0.0,0,0,17.6,46.9,11,gsfs-MDT0000-mdc-ffff89e606a9c000,1210.0,0.0,0.0,30.0,0.0,0.0,0.0,0.0,0.0,0.0,0.0,0.0,0.0,0.0,0.0,0.0,0.0,0.0,0.0,0.0,0.0,0.0,0.0,0.0,0.0,0.0,0.0,0.0,0.0,0.0,0.0,0.0,0.0,0.0,0.0,0.0,home-MDT0000-mdc-ffff89fbed24e800,390.0,0.0,0.0,11.0,1532.0,19.0,0.0,0.0,139.0,0.0,0.0,0.0,0.0,0.0,0.0,47.0,0.0,131.0,0.0,0.0,0.0,2.0,0.0,0.0,0.0,179.0,0.0,1.0,1.0,0.0,0.0,1.0,0.0,1.0,0.0,2.0,home-MDT0001-mdc-ffff89fbed24e800,408.0,0.0,0.0,3.0,2885.0,17.0,0.0,191.0,764.0,0.0,0.0,0.0,0.0,0.0,0.0,0.0,0.0,377.0,0.0,0.0,0.0,5.0,0.0,0.0,0.0,83.0,0.0,0.0,0.0,0.0,0.0,0.0,0.0,0.0,0.0,0.0,scratch-MDT0000-mdc-ffff89fbea624800,1238.0,0.0,0.0,158.0,0.0,0.0,0.0,0.0,0.0,0.0,0.0,0.0,0.0,0.0,0.0,0.0,0.0,0.0,0.0,0.0,0.0,0.0,0.0,0.0,0.0,27.0,0.0,0.0,0.0,0.0,0.0,0.0,0.0,0.0,0.0,0.0,scratch-MDT0001-mdc-ffff89fbea624800,1283.0,0.0,0.0,499.0,1468.0,17.0,0.0,0.0,246.0,0.0,0.0,0.0,0.0,0.0,0.0,0.0,0.0,130.0,0.0,0.0,0.0,3.0,0.0,0.0,0.0,35.0,0.0,0.0,0.0,0.0,0.0,1.0,0.0,0.0,0.0,0.0,scratch-MDT0002-mdc-ffff89fbea624800,564.0,0.0,0.0,44.0,32498.0,169.0,0.0,0.0,10864.0,6166.0,0.0,0.0,0.0,0.0,0.0,0.0,0.0,0.0,0.0,0.0,0.0,56.0,0.0,0.0,0.0,281.0,0.0,0.0,0.0,0.0,2.0,0.0,0.0,0.0,0.0,0.0,scratch-MDT0003-mdc-ffff89fbea624800,1839.0,0.0,0.0,18.0,0.0,0.0,0.0,0.0,0.0,0.0,0.0,0.0,0.0,0.0,0.0,0.0,0.0,0.0,0.0,0.0,0.0,0.0,0.0,0.0,0.0,0.0,0.0,0.0,0.0,0.0,0.0,0.0,0.0,0.0,0.0,0.0,work-MDT0000-mdc-ffff89f59db6a000,560.0,0.0,0.0,45.0,0.0,0.0,0.0,0.0,0.0,0.0,0.0,0.0,0.0,0.0,0.0,0.0,0.0,0.0,0.0,0.0,0.0,0.0,0.0,0.0,0.0,10.0,0.0,0.0,0.0,0.0,0.0,0.0,0.0,0.0,0.0,0.0,work-MDT0001-mdc-ffff89f59db6a000,376.0,0.0,0.0,53.0,0.0,0.0,0.0,0.0,0.0,0.0,0.0,0.0,0.0,0.0,0.0,0.0,0.0,0.0,0.0,0.0,0.0,0.0,0.0,0.0,0.0,1.0,0.0,0.0,0.0,0.0,0.0,0.0,0.0,0.0,0.0,0.0,work-MDT0002-mdc-ffff89f59db6a000,359.0,0.0,0.0,66.0,0.0,0.0,0.0,0.0,0.0,0.0,0.0,0.0,0.0,0.0,0.0,0.0,0.0,0.0,0.0,0.0,0.0,0.0,0.0,0.0,0.0,1.0,0.0,0.0,0.0,0.0,0.0,0.0,0.0,0.0,0.0,0.0,work-MDT0003-mdc-ffff89f59db6a000,342.0,0.0,0.0,363.0,0.0,0.0,0.0,0.0,0.0,0.0,0.0,0.0,0.0,0.0,0.0,0.0,0.0,0.0,0.0,0.0,0.0,0.0,0.0,0.0,0.0,0.0,0.0,0.0,0.0,0.0,0.0,0.0,0.0,0.0,0.0,0.0,0
31.145,1199.8Mbps,261.0,232.0,74.72766494750977,8785.0,0.0,8948.0,196.0,5766.0,599.9Mbps,259.0,26880.0,15533728,917534436,732,9601,26,1159168,73728,0,354487,354471,354470,311660,2132085,354470,1077944320,24326,0,9,0,31,108,0,0,20,0,41,0,2552119272,8555556864,10659,18446744073709551615,4194304,4196492,140721927381760,140721927364416,47090867978055,0,0,2,16800973,18446744073709551615,0,0,17,0,0,0,0,0,0,6294912,6295596,8482816,140721927386053,140721927386210,140721927386210,140721927405550,0,8.1,0.04379483768196747,4096,87380,16777216,4096,65536,16777216,693934.0,50.0,83886080.0,0.0,0.0,693934.0,0.0,0.0,0.0,0.0,0.0,0.0,0.0,0.0,0.0,0.0,0.0,0,0,18.2,46.9,11,gsfs-MDT0000-mdc-ffff89e606a9c000,1210.0,0.0,0.0,30.0,0.0,0.0,0.0,0.0,0.0,0.0,0.0,0.0,0.0,0.0,0.0,0.0,0.0,0.0,0.0,0.0,0.0,0.0,0.0,0.0,0.0,0.0,0.0,0.0,0.0,0.0,0.0,0.0,0.0,0.0,0.0,0.0,home-MDT0000-mdc-ffff89fbed24e800,390.0,0.0,0.0,11.0,0.0,0.0,0.0,0.0,0.0,0.0,0.0,0.0,0.0,0.0,0.0,0.0,0.0,0.0,0.0,0.0,0.0,0.0,0.0,0.0,0.0,154.0,0.0,0.0,0.0,0.0,0.0,0.0,0.0,0.0,0.0,0.0,home-MDT0001-mdc-ffff89fbed24e800,408.0,0.0,0.0,3.0,3185.0,16.0,0.0,258.0,467.0,0.0,0.0,0.0,0.0,0.0,0.0,0.0,0.0,646.0,0.0,0.0,0.0,4.0,0.0,0.0,0.0,102.0,0.0,0.0,0.0,0.0,0.0,0.0,0.0,0.0,0.0,0.0,scratch-MDT0000-mdc-ffff89fbea624800,1238.0,0.0,0.0,158.0,309.0,2.0,0.0,0.0,0.0,0.0,0.0,0.0,0.0,0.0,0.0,0.0,0.0,94.0,0.0,0.0,0.0,0.0,0.0,0.0,0.0,22.0,0.0,0.0,0.0,0.0,0.0,0.0,0.0,0.0,0.0,0.0,scratch-MDT0001-mdc-ffff89fbea624800,1283.0,0.0,0.0,499.0,513.0,7.0,0.0,0.0,138.0,0.0,0.0,0.0,0.0,0.0,0.0,0.0,0.0,137.0,0.0,0.0,0.0,3.0,0.0,0.0,0.0,30.0,0.0,0.0,0.0,0.0,1.0,0.0,0.0,0.0,0.0,0.0,scratch-MDT0002-mdc-ffff89fbea624800,564.0,0.0,0.0,44.0,64400.0,125.0,0.0,0.0,11038.0,39375.0,0.0,0.0,0.0,0.0,0.0,0.0,0.0,85.0,0.0,0.0,0.0,41.0,0.0,0.0,0.0,208.0,0.0,0.0,0.0,0.0,4.0,0.0,0.0,0.0,0.0,0.0,scratch-MDT0003-mdc-ffff89fbea624800,1839.0,0.0,0.0,18.0,0.0,0.0,0.0,0.0,0.0,0.0,0.0,0.0,0.0,0.0,0.0,0.0,0.0,0.0,0.0,0.0,0.0,0.0,0.0,0.0,0.0,0.0,0.0,0.0,0.0,0.0,0.0,0.0,0.0,0.0,0.0,0.0,work-MDT0000-mdc-ffff89f59db6a000,560.0,0.0,0.0,45.0,0.0,0.0,0.0,0.0,0.0,0.0,0.0,0.0,0.0,0.0,0.0,0.0,0.0,0.0,0.0,0.0,0.0,0.0,0.0,0.0,0.0,2409.0,0.0,0.0,0.0,0.0,0.0,0.0,0.0,0.0,0.0,0.0,work-MDT0001-mdc-ffff89f59db6a000,376.0,0.0,0.0,53.0,0.0,0.0,0.0,0.0,0.0,0.0,0.0,0.0,0.0,0.0,0.0,0.0,0.0,0.0,0.0,0.0,0.0,0.0,0.0,0.0,0.0,0.0,0.0,0.0,0.0,0.0,0.0,0.0,0.0,0.0,0.0,0.0,work-MDT0002-mdc-ffff89f59db6a000,359.0,0.0,0.0,66.0,0.0,0.0,0.0,0.0,0.0,0.0,0.0,0.0,0.0,0.0,0.0,0.0,0.0,0.0,0.0,0.0,0.0,0.0,0.0,0.0,0.0,1.0,0.0,0.0,0.0,0.0,0.0,0.0,0.0,0.0,0.0,0.0,work-MDT0003-mdc-ffff89f59db6a000,342.0,0.0,0.0,363.0,136750.0,804.0,0.0,0.0,43335.0,0.0,0.0,0.0,0.0,0.0,0.0,0.0,0.0,44374.0,0.0,0.0,0.0,205.0,0.0,0.0,0.0,592.0,0.0,0.0,0.0,0.0,1.0,0.0,0.0,0.0,0.0,0.0,0
31.193,1257.6Mbps,274.0,232.0,80.70109939575195,9472.0,0.0,8948.0,196.0,6545.0,628.8Mbps,274.0,26880.0,16179496,1003124452,776,10254,27,1159168,73728,0,354487,354471,354470,311660,2132085,354470,1077944320,24369,0,9,0,32,117,0,0,20,0,41,0,2552119272,8555556864,10655,18446744073709551615,4194304,4196492,140721927381760,140721927364416,47090867978055,0,0,2,16800973,18446744073709551615,0,0,17,0,0,0,0,0,0,6294912,6295596,8482816,140721927386053,140721927386210,140721927386210,140721927405550,0,9.0,0.0437784028052691,4096,87380,16777216,4096,65536,16777216,534779.0,55.0,75497472.0,895.0,0.0,532881.0,1898.0,0.0,0.0,0.0,0.0,0.0,0.0,0.0,0.0,2.0,0.0,0,0,14.4,46.9,11,gsfs-MDT0000-mdc-ffff89e606a9c000,1210.0,0.0,0.0,30.0,0.0,0.0,0.0,0.0,0.0,0.0,0.0,0.0,0.0,0.0,0.0,0.0,0.0,0.0,0.0,0.0,0.0,0.0,0.0,0.0,0.0,0.0,0.0,0.0,0.0,0.0,0.0,0.0,0.0,0.0,0.0,0.0,home-MDT0000-mdc-ffff89fbed24e800,390.0,0.0,0.0,11.0,2384.0,19.0,0.0,0.0,402.0,0.0,0.0,0.0,0.0,0.0,0.0,0.0,0.0,129.0,0.0,0.0,0.0,3.0,0.0,0.0,0.0,153.0,0.0,0.0,0.0,0.0,0.0,0.0,0.0,0.0,0.0,10.0,home-MDT0001-mdc-ffff89fbed24e800,408.0,0.0,0.0,3.0,1699.0,8.0,0.0,264.0,564.0,0.0,0.0,0.0,0.0,0.0,0.0,0.0,0.0,115.0,0.0,0.0,0.0,3.0,0.0,0.0,0.0,4.0,0.0,0.0,0.0,0.0,0.0,0.0,0.0,0.0,0.0,0.0,scratch-MDT0000-mdc-ffff89fbea624800,1238.0,0.0,0.0,158.0,0.0,0.0,0.0,0.0,0.0,0.0,0.0,0.0,0.0,0.0,0.0,0.0,0.0,0.0,0.0,0.0,0.0,0.0,0.0,0.0,0.0,14.0,0.0,0.0,0.0,0.0,0.0,0.0,0.0,0.0,0.0,0.0,scratch-MDT0001-mdc-ffff89fbea624800,1283.0,0.0,0.0,499.0,7707.0,89.0,0.0,0.0,1943.0,214.0,0.0,0.0,0.0,0.0,0.0,53.0,0.0,213.0,0.0,0.0,0.0,30.0,0.0,0.0,0.0,51.0,0.0,0.0,1.0,0.0,0.0,2.0,0.0,1.0,0.0,7.0,scratch-MDT0002-mdc-ffff89fbea624800,564.0,0.0,0.0,44.0,10136.0,57.0,0.0,0.0,4388.0,0.0,0.0,0.0,0.0,0.0,0.0,0.0,0.0,0.0,0.0,0.0,0.0,19.0,0.0,0.0,0.0,95.0,0.0,0.0,0.0,0.0,0.0,0.0,0.0,0.0,0.0,0.0,scratch-MDT0003-mdc-ffff89fbea624800,1839.0,0.0,0.0,18.0,0.0,0.0,0.0,0.0,0.0,0.0,0.0,0.0,0.0,0.0,0.0,0.0,0.0,0.0,0.0,0.0,0.0,0.0,0.0,0.0,0.0,0.0,0.0,0.0,0.0,0.0,0.0,0.0,0.0,0.0,0.0,0.0,work-MDT0000-mdc-ffff89f59db6a000,560.0,0.0,0.0,45.0,0.0,0.0,0.0,0.0,0.0,0.0,0.0,0.0,0.0,0.0,0.0,0.0,0.0,0.0,0.0,0.0,0.0,0.0,0.0,0.0,0.0,1.0,0.0,0.0,0.0,0.0,0.0,0.0,0.0,0.0,0.0,0.0,work-MDT0001-mdc-ffff89f59db6a000,376.0,0.0,0.0,53.0,0.0,0.0,0.0,0.0,0.0,0.0,0.0,0.0,0.0,0.0,0.0,0.0,0.0,0.0,0.0,0.0,0.0,0.0,0.0,0.0,0.0,0.0,0.0,0.0,0.0,0.0,0.0,0.0,0.0,0.0,0.0,0.0,work-MDT0002-mdc-ffff89f59db6a000,359.0,0.0,0.0,66.0,0.0,0.0,0.0,0.0,0.0,0.0,0.0,0.0,0.0,0.0,0.0,0.0,0.0,0.0,0.0,0.0,0.0,0.0,0.0,0.0,0.0,0.0,0.0,0.0,0.0,0.0,0.0,0.0,0.0,0.0,0.0,0.0,work-MDT0003-mdc-ffff89f59db6a000,342.0,0.0,0.0,363.0,0.0,0.0,0.0,0.0,0.0,0.0,0.0,0.0,0.0,0.0,0.0,0.0,0.0,0.0,0.0,0.0,0.0,0.0,0.0,0.0,0.0,0.0,0.0,0.0,0.0,0.0,0.0,0.0,0.0,0.0,0.0,0.0,0
31.202,1280.1Mbps,279.0,232.0,83.73048400878906,9814.0,0.0,8948.0,196.0,6677.0,640.1Mbps,276.0,26880.0,15488988,1089897853,833,10918,30,1179648,77824,0,354487,354471,354470,311660,2132085,354470,1077944320,24434,0,9,0,32,124,0,0,20,0,41,0,2552119272,8555548672,10678,18446744073709551615,4194304,4196492,140721927381760,140721927364416,47090867978055,0,0,2,16800973,18446744073709551615,0,0,17,0,0,0,0,0,0,6294912,6295596,8482816,140721927386053,140721927386210,140721927386210,140721927405550,0,6.3,0.0438729033462847,4096,87380,16777216,4096,65536,16777216,231154.0,10.0,25165824.0,0.0,0.0,231154.0,0.0,0.0,0.0,0.0,0.0,0.0,0.0,0.0,0.0,0.0,0.0,0,0,14.4,46.9,11,gsfs-MDT0000-mdc-ffff89e606a9c000,1210.0,0.0,0.0,30.0,0.0,0.0,0.0,0.0,0.0,0.0,0.0,0.0,0.0,0.0,0.0,0.0,0.0,0.0,0.0,0.0,0.0,0.0,0.0,0.0,0.0,0.0,0.0,0.0,0.0,0.0,0.0,0.0,0.0,0.0,0.0,0.0,home-MDT0000-mdc-ffff89fbed24e800,390.0,0.0,0.0,11.0,0.0,0.0,0.0,0.0,0.0,0.0,0.0,0.0,0.0,0.0,0.0,0.0,0.0,0.0,0.0,0.0,0.0,0.0,0.0,0.0,0.0,88.0,0.0,0.0,0.0,0.0,0.0,0.0,0.0,0.0,0.0,0.0,home-MDT0001-mdc-ffff89fbed24e800,408.0,0.0,0.0,3.0,8982.0,11.0,0.0,131.0,7070.0,0.0,0.0,0.0,0.0,0.0,0.0,0.0,0.0,365.0,0.0,0.0,0.0,3.0,0.0,0.0,0.0,6.0,0.0,0.0,0.0,0.0,0.0,0.0,0.0,0.0,0.0,0.0,scratch-MDT0000-mdc-ffff89fbea624800,1238.0,0.0,0.0,158.0,0.0,0.0,0.0,0.0,0.0,0.0,0.0,0.0,0.0,0.0,0.0,0.0,0.0,0.0,0.0,0.0,0.0,0.0,0.0,0.0,0.0,5.0,0.0,0.0,0.0,0.0,0.0,0.0,0.0,0.0,0.0,0.0,scratch-MDT0001-mdc-ffff89fbea624800,1283.0,0.0,0.0,499.0,0.0,0.0,0.0,0.0,0.0,0.0,0.0,0.0,0.0,0.0,0.0,0.0,0.0,0.0,0.0,0.0,0.0,0.0,0.0,0.0,0.0,1.0,0.0,0.0,0.0,0.0,0.0,0.0,0.0,0.0,0.0,0.0,scratch-MDT0002-mdc-ffff89fbea624800,564.0,0.0,0.0,44.0,9415.0,42.0,0.0,0.0,4583.0,0.0,0.0,0.0,0.0,0.0,0.0,0.0,0.0,0.0,0.0,0.0,0.0,14.0,0.0,0.0,0.0,70.0,0.0,0.0,0.0,0.0,0.0,0.0,0.0,0.0,0.0,0.0,scratch-MDT0003-mdc-ffff89fbea624800,1839.0,0.0,0.0,18.0,0.0,0.0,0.0,0.0,0.0,0.0,0.0,0.0,0.0,0.0,0.0,0.0,0.0,0.0,0.0,0.0,0.0,0.0,0.0,0.0,0.0,0.0,0.0,0.0,0.0,0.0,0.0,0.0,0.0,0.0,0.0,0.0,work-MDT0000-mdc-ffff89f59db6a000,560.0,0.0,0.0,45.0,0.0,0.0,0.0,0.0,0.0,0.0,0.0,0.0,0.0,0.0,0.0,0.0,0.0,0.0,0.0,0.0,0.0,0.0,0.0,0.0,0.0,1.0,0.0,0.0,0.0,0.0,0.0,0.0,0.0,0.0,0.0,0.0,work-MDT0001-mdc-ffff89f59db6a000,376.0,0.0,0.0,53.0,0.0,0.0,0.0,0.0,0.0,0.0,0.0,0.0,0.0,0.0,0.0,0.0,0.0,0.0,0.0,0.0,0.0,0.0,0.0,0.0,0.0,0.0,0.0,0.0,0.0,0.0,0.0,0.0,0.0,0.0,0.0,0.0,work-MDT0002-mdc-ffff89f59db6a000,359.0,0.0,0.0,66.0,0.0,0.0,0.0,0.0,0.0,0.0,0.0,0.0,0.0,0.0,0.0,0.0,0.0,0.0,0.0,0.0,0.0,0.0,0.0,0.0,0.0,0.0,0.0,0.0,0.0,0.0,0.0,0.0,0.0,0.0,0.0,0.0,work-MDT0003-mdc-ffff89f59db6a000,342.0,0.0,0.0,363.0,0.0,0.0,0.0,0.0,0.0,0.0,0.0,0.0,0.0,0.0,0.0,0.0,0.0,0.0,0.0,0.0,0.0,0.0,0.0,0.0,0.0,0.0,0.0,0.0,0.0,0.0,0.0,0.0,0.0,0.0,0.0,0.0,0
31.185,734.5Mbps,160.0,232.0,66.23685455322266,7651.0,8.0,8948.0,156.0,5159.0,367.3Mbps,157.0,26880.0,12491408,1156351357,877,11425,31,1179648,77824,0,354487,354471,354470,311660,2132085,354470,1077944320,24477,0,9,0,33,127,0,0,20,0,41,0,2552119272,8555548672,10712,18446744073709551615,4194304,4196492,140721927381760,140721927364416,47090867978055,0,0,2,16800973,18446744073709551615,0,0,17,0,0,0,0,0,0,6294912,6295596,8482816,140721927386053,140721927386210,140721927386210,140721927405550,0,3.6,0.0440125997982208,4096,87380,16777216,4096,65536,16777216,0.0,0.0,0.0,0.0,0.0,0.0,0.0,0.0,0.0,0.0,0.0,0.0,0.0,0.0,0.0,0.0,0.0,0,0,14.5,46.9,11,gsfs-MDT0000-mdc-ffff89e606a9c000,1210.0,0.0,0.0,30.0,0.0,0.0,0.0,0.0,0.0,0.0,0.0,0.0,0.0,0.0,0.0,0.0,0.0,0.0,0.0,0.0,0.0,0.0,0.0,0.0,0.0,0.0,0.0,0.0,0.0,0.0,0.0,0.0,0.0,0.0,0.0,0.0,home-MDT0000-mdc-ffff89fbed24e800,390.0,0.0,0.0,11.0,0.0,0.0,0.0,0.0,0.0,0.0,0.0,0.0,0.0,0.0,0.0,0.0,0.0,0.0,0.0,0.0,0.0,0.0,0.0,0.0,0.0,87.0,0.0,0.0,0.0,0.0,0.0,0.0,0.0,0.0,0.0,0.0,home-MDT0001-mdc-ffff89fbed24e800,408.0,0.0,0.0,3.0,2187.0,7.0,0.0,112.0,1393.0,0.0,0.0,0.0,0.0,0.0,0.0,0.0,0.0,98.0,0.0,0.0,0.0,2.0,0.0,0.0,0.0,4.0,0.0,0.0,0.0,0.0,0.0,0.0,0.0,0.0,0.0,0.0,scratch-MDT0000-mdc-ffff89fbea624800,1238.0,0.0,0.0,158.0,67.0,1.0,0.0,0.0,0.0,0.0,0.0,0.0,0.0,0.0,0.0,0.0,0.0,67.0,0.0,0.0,0.0,0.0,0.0,0.0,0.0,5.0,0.0,0.0,0.0,0.0,0.0,0.0,0.0,0.0,0.0,0.0,scratch-MDT0001-mdc-ffff89fbea624800,1283.0,0.0,0.0,499.0,0.0,0.0,0.0,0.0,0.0,0.0,0.0,0.0,0.0,0.0,0.0,0.0,0.0,0.0,0.0,0.0,0.0,0.0,0.0,0.0,0.0,1.0,0.0,0.0,0.0,0.0,0.0,0.0,0.0,0.0,0.0,0.0,scratch-MDT0002-mdc-ffff89fbea624800,564.0,0.0,0.0,44.0,11697.0,66.0,0.0,0.0,4781.0,0.0,0.0,0.0,0.0,0.0,0.0,0.0,0.0,0.0,0.0,0.0,0.0,22.0,0.0,0.0,0.0,110.0,0.0,0.0,0.0,0.0,0.0,0.0,0.0,0.0,0.0,0.0,scratch-MDT0003-mdc-ffff89fbea624800,1839.0,0.0,0.0,18.0,0.0,0.0,0.0,0.0,0.0,0.0,0.0,0.0,0.0,0.0,0.0,0.0,0.0,0.0,0.0,0.0,0.0,0.0,0.0,0.0,0.0,0.0,0.0,0.0,0.0,0.0,0.0,0.0,0.0,0.0,0.0,0.0,work-MDT0000-mdc-ffff89f59db6a000,560.0,0.0,0.0,45.0,0.0,0.0,0.0,0.0,0.0,0.0,0.0,0.0,0.0,0.0,0.0,0.0,0.0,0.0,0.0,0.0,0.0,0.0,0.0,0.0,0.0,1.0,0.0,0.0,0.0,0.0,0.0,0.0,0.0,0.0,0.0,0.0,work-MDT0001-mdc-ffff89f59db6a000,376.0,0.0,0.0,53.0,0.0,0.0,0.0,0.0,0.0,0.0,0.0,0.0,0.0,0.0,0.0,0.0,0.0,0.0,0.0,0.0,0.0,0.0,0.0,0.0,0.0,0.0,0.0,0.0,0.0,0.0,0.0,0.0,0.0,0.0,0.0,0.0,work-MDT0002-mdc-ffff89f59db6a000,359.0,0.0,0.0,66.0,0.0,0.0,0.0,0.0,0.0,0.0,0.0,0.0,0.0,0.0,0.0,0.0,0.0,0.0,0.0,0.0,0.0,0.0,0.0,0.0,0.0,0.0,0.0,0.0,0.0,0.0,0.0,0.0,0.0,0.0,0.0,0.0,work-MDT0003-mdc-ffff89f59db6a000,342.0,0.0,0.0,363.0,0.0,0.0,0.0,0.0,0.0,0.0,0.0,0.0,0.0,0.0,0.0,0.0,0.0,0.0,0.0,0.0,0.0,0.0,0.0,0.0,0.0,0.0,0.0,0.0,0.0,0.0,0.0,0.0,0.0,0.0,0.0,0.0,0
31.21,821.1Mbps,179.0,232.0,51.27766799926758,6030.0,0.0,8948.0,156.0,3882.0,410.6Mbps,178.0,26880.0,11838204,1209435517,921,11830,32,1179648,77824,0,354487,354471,354470,311660,2132085,354470,1077944320,24519,0,9,0,34,129,0,0,20,0,41,0,2552119272,8555548672,10708,18446744073709551615,4194304,4196492,140721927381760,140721927364416,47090867978055,0,0,2,16800973,18446744073709551615,0,0,17,0,0,0,0,0,0,6294912,6295596,8482816,140721927386053,140721927386210,140721927386210,140721927405550,0,2.7,0.04399616492152244,4096,87380,16777216,4096,65536,16777216,0.0,0.0,0.0,0.0,0.0,0.0,0.0,0.0,0.0,0.0,0.0,0.0,0.0,0.0,0.0,0.0,0.0,0,0,14.7,46.9,11,gsfs-MDT0000-mdc-ffff89e606a9c000,1210.0,0.0,0.0,30.0,0.0,0.0,0.0,0.0,0.0,0.0,0.0,0.0,0.0,0.0,0.0,0.0,0.0,0.0,0.0,0.0,0.0,0.0,0.0,0.0,0.0,0.0,0.0,0.0,0.0,0.0,0.0,0.0,0.0,0.0,0.0,0.0,home-MDT0000-mdc-ffff89fbed24e800,390.0,0.0,0.0,11.0,0.0,0.0,0.0,0.0,0.0,0.0,0.0,0.0,0.0,0.0,0.0,0.0,0.0,0.0,0.0,0.0,0.0,0.0,0.0,0.0,0.0,87.0,0.0,0.0,0.0,0.0,0.0,0.0,0.0,0.0,0.0,0.0,home-MDT0001-mdc-ffff89fbed24e800,408.0,0.0,0.0,3.0,1252.0,7.0,0.0,98.0,223.0,0.0,0.0,0.0,0.0,0.0,0.0,0.0,0.0,84.0,0.0,0.0,0.0,2.0,0.0,0.0,0.0,4.0,0.0,0.0,0.0,0.0,0.0,0.0,0.0,0.0,0.0,0.0,scratch-MDT0000-mdc-ffff89fbea624800,1238.0,0.0,0.0,158.0,276.0,1.0,0.0,0.0,0.0,0.0,0.0,0.0,0.0,0.0,0.0,0.0,0.0,0.0,0.0,0.0,0.0,0.0,0.0,0.0,0.0,5.0,0.0,0.0,0.0,0.0,0.0,0.0,0.0,0.0,0.0,0.0,scratch-MDT0001-mdc-ffff89fbea624800,1283.0,0.0,0.0,499.0,0.0,0.0,0.0,0.0,0.0,0.0,0.0,0.0,0.0,0.0,0.0,0.0,0.0,0.0,0.0,0.0,0.0,0.0,0.0,0.0,0.0,1.0,0.0,0.0,0.0,0.0,0.0,0.0,0.0,0.0,0.0,0.0,scratch-MDT0002-mdc-ffff89fbea624800,564.0,0.0,0.0,44.0,10472.0,63.0,0.0,0.0,4094.0,0.0,0.0,0.0,0.0,0.0,0.0,0.0,0.0,0.0,0.0,0.0,0.0,21.0,0.0,0.0,0.0,105.0,0.0,0.0,0.0,0.0,0.0,0.0,0.0,0.0,0.0,0.0,scratch-MDT0003-mdc-ffff89fbea624800,1839.0,0.0,0.0,18.0,0.0,0.0,0.0,0.0,0.0,0.0,0.0,0.0,0.0,0.0,0.0,0.0,0.0,0.0,0.0,0.0,0.0,0.0,0.0,0.0,0.0,0.0,0.0,0.0,0.0,0.0,0.0,0.0,0.0,0.0,0.0,0.0,work-MDT0000-mdc-ffff89f59db6a000,560.0,0.0,0.0,45.0,0.0,0.0,0.0,0.0,0.0,0.0,0.0,0.0,0.0,0.0,0.0,0.0,0.0,0.0,0.0,0.0,0.0,0.0,0.0,0.0,0.0,1.0,0.0,0.0,0.0,0.0,0.0,0.0,0.0,0.0,0.0,0.0,work-MDT0001-mdc-ffff89f59db6a000,376.0,0.0,0.0,53.0,0.0,0.0,0.0,0.0,0.0,0.0,0.0,0.0,0.0,0.0,0.0,0.0,0.0,0.0,0.0,0.0,0.0,0.0,0.0,0.0,0.0,0.0,0.0,0.0,0.0,0.0,0.0,0.0,0.0,0.0,0.0,0.0,work-MDT0002-mdc-ffff89f59db6a000,359.0,0.0,0.0,66.0,0.0,0.0,0.0,0.0,0.0,0.0,0.0,0.0,0.0,0.0,0.0,0.0,0.0,0.0,0.0,0.0,0.0,0.0,0.0,0.0,0.0,0.0,0.0,0.0,0.0,0.0,0.0,0.0,0.0,0.0,0.0,0.0,work-MDT0003-mdc-ffff89f59db6a000,342.0,0.0,0.0,363.0,0.0,0.0,0.0,0.0,0.0,0.0,0.0,0.0,0.0,0.0,0.0,0.0,0.0,0.0,0.0,0.0,0.0,0.0,0.0,0.0,0.0,0.0,0.0,0.0,0.0,0.0,0.0,0.0,0.0,0.0,0.0,0.0,0
31.198,899.4Mbps,196.0,232.0,55.67240905761719,6542.0,0.0,8948.0,156.0,4341.0,449.7Mbps,196.0,26880.0,12214020,1268286845,965,12279,33,1179648,77824,0,354487,354471,354470,311660,2132085,354470,1077944320,24562,0,9,0,35,132,0,0,20,0,41,0,2552119272,8555548672,10704,18446744073709551615,4194304,4196492,140721927381760,140721927364416,47090867978055,0,0,2,16800973,18446744073709551615,0,0,17,0,0,0,0,0,0,6294912,6295596,8482816,140721927386053,140721927386210,140721927386210,140721927405550,0,3.6,0.04397973004482408,4096,87380,16777216,4096,65536,16777216,0.0,0.0,0.0,0.0,0.0,0.0,0.0,0.0,0.0,0.0,0.0,0.0,0.0,0.0,0.0,0.0,0.0,0,0,14.2,46.9,11,gsfs-MDT0000-mdc-ffff89e606a9c000,1210.0,0.0,0.0,30.0,0.0,0.0,0.0,0.0,0.0,0.0,0.0,0.0,0.0,0.0,0.0,0.0,0.0,0.0,0.0,0.0,0.0,0.0,0.0,0.0,0.0,0.0,0.0,0.0,0.0,0.0,0.0,0.0,0.0,0.0,0.0,0.0,home-MDT0000-mdc-ffff89fbed24e800,390.0,0.0,0.0,11.0,0.0,0.0,0.0,0.0,0.0,0.0,0.0,0.0,0.0,0.0,0.0,0.0,0.0,0.0,0.0,0.0,0.0,0.0,0.0,0.0,0.0,87.0,0.0,0.0,0.0,0.0,0.0,0.0,0.0,0.0,0.0,0.0,home-MDT0001-mdc-ffff89fbed24e800,408.0,0.0,0.0,3.0,1729.0,11.0,0.0,120.0,208.0,0.0,0.0,0.0,0.0,0.0,0.0,0.0,0.0,170.0,0.0,0.0,0.0,3.0,0.0,0.0,0.0,7.0,0.0,0.0,0.0,0.0,0.0,0.0,0.0,0.0,0.0,0.0,scratch-MDT0000-mdc-ffff89fbea624800,1238.0,0.0,0.0,158.0,0.0,0.0,0.0,0.0,0.0,0.0,0.0,0.0,0.0,0.0,0.0,0.0,0.0,0.0,0.0,0.0,0.0,0.0,0.0,0.0,0.0,5.0,0.0,0.0,0.0,0.0,0.0,0.0,0.0,0.0,0.0,0.0,scratch-MDT0001-mdc-ffff89fbea624800,1283.0,0.0,0.0,499.0,0.0,0.0,0.0,0.0,0.0,0.0,0.0,0.0,0.0,0.0,0.0,0.0,0.0,0.0,0.0,0.0,0.0,0.0,0.0,0.0,0.0,1.0,0.0,0.0,0.0,0.0,0.0,0.0,0.0,0.0,0.0,0.0,scratch-MDT0002-mdc-ffff89fbea624800,564.0,0.0,0.0,44.0,55193.0,122.0,0.0,0.0,7907.0,35242.0,0.0,0.0,0.0,0.0,0.0,0.0,0.0,0.0,0.0,0.0,0.0,39.0,0.0,0.0,0.0,200.0,0.0,0.0,0.0,0.0,5.0,0.0,0.0,0.0,0.0,0.0,scratch-MDT0003-mdc-ffff89fbea624800,1839.0,0.0,0.0,18.0,0.0,0.0,0.0,0.0,0.0,0.0,0.0,0.0,0.0,0.0,0.0,0.0,0.0,0.0,0.0,0.0,0.0,0.0,0.0,0.0,0.0,0.0,0.0,0.0,0.0,0.0,0.0,0.0,0.0,0.0,0.0,0.0,work-MDT0000-mdc-ffff89f59db6a000,560.0,0.0,0.0,45.0,0.0,0.0,0.0,0.0,0.0,0.0,0.0,0.0,0.0,0.0,0.0,0.0,0.0,0.0,0.0,0.0,0.0,0.0,0.0,0.0,0.0,1.0,0.0,0.0,0.0,0.0,0.0,0.0,0.0,0.0,0.0,0.0,work-MDT0001-mdc-ffff89f59db6a000,376.0,0.0,0.0,53.0,0.0,0.0,0.0,0.0,0.0,0.0,0.0,0.0,0.0,0.0,0.0,0.0,0.0,0.0,0.0,0.0,0.0,0.0,0.0,0.0,0.0,0.0,0.0,0.0,0.0,0.0,0.0,0.0,0.0,0.0,0.0,0.0,work-MDT0002-mdc-ffff89f59db6a000,359.0,0.0,0.0,66.0,0.0,0.0,0.0,0.0,0.0,0.0,0.0,0.0,0.0,0.0,0.0,0.0,0.0,0.0,0.0,0.0,0.0,0.0,0.0,0.0,0.0,0.0,0.0,0.0,0.0,0.0,0.0,0.0,0.0,0.0,0.0,0.0,work-MDT0003-mdc-ffff89f59db6a000,342.0,0.0,0.0,363.0,0.0,0.0,0.0,0.0,0.0,0.0,0.0,0.0,0.0,0.0,0.0,0.0,0.0,0.0,0.0,0.0,0.0,0.0,0.0,0.0,0.0,0.0,0.0,0.0,0.0,0.0,0.0,0.0,0.0,0.0,0.0,0.0,0