time_stamp,sender_avg_rtt_value,sender_pacing_rate,sender_cwnd_rate,sender_avg_retransmission_timeout_value,sender_byte_ack,sender_seg_out,sender_retrans,sender_ssthresh_value,sender_segs_in,sender_avg_send_value,sender_unacked_value,sender_send_buffer_value,sender_rchar,sender_wchar,sender_syscr,sender_syscw,sender_read_bytes_io,sender_write_bytes_io,sender_cancelled_write_bytes,sender_num_threads,sender_vsize,sender_rss,sender_cpu_usage_percentage,sender_mem_usage_percentage,sender_tcp_snd_buffer_min,sender_tcp_snd_buffer_max,sender_req_waittime,sender_req_active,sender_read_bytes,sender_write_bytes,sender_ost_setattr,sender_ost_read,sender_ost_write,sender_ost_punch,sender_ldlm_cancel,sender_pending_read_pages,sender_read_RPCs_in_flight,sender_avg_waittime_md,sender_inflight_md,sender_req_waittime_md,sender_req_active_md,sender_mds_getattr_lock_md,sender_mds_close_md,sender_mds_readpage_md,sender_ldlm_cancel_md,sender_obd_ping_md,sender_close_md,sender_create_md,sender_intent_lock_md,sender_setattr_md,sender_read_page_md,sender_unlink_md,sender_avg_dsack_dups_value,sender_avg_reord_seen,sender_system_cpu_percent,sender_system_memory_percent,sender_remote_ost_read_bytes,sender_remote_ost_write_bytes,receiver_avg_rtt_value,receiver_pacing_rate,receiver_cwnd_rate,receiver_avg_retransmission_timeout_value,receiver_byte_ack,receiver_seg_out,receiver_retrans,receiver_ssthresh_value,receiver_segs_in,receiver_avg_send_value,receiver_unacked_value,receiver_send_buffer_value,receiver_rchar,receiver_wchar,receiver_syscr,receiver_syscw,receiver_read_bytes_io,receiver_write_bytes_io,receiver_cancelled_write_bytes,receiver_num_threads,receiver_vsize,receiver_rss,receiver_cpu_usage_percentage,receiver_mem_usage_percentage,receiver_tcp_snd_buffer_min,receiver_tcp_snd_buffer_max,receiver_req_waittime,receiver_req_active,receiver_read_bytes,receiver_write_bytes,receiver_ost_setattr,receiver_ost_read,receiver_ost_write,receiver_ost_punch,receiver_ldlm_cancel,receiver_pending_read_pages,receiver_read_RPCs_in_flight,receiver_avg_waittime_md,receiver_inflight_md,receiver_req_waittime_md,receiver_req_active_md,receiver_mds_getattr_lock_md,receiver_mds_close_md,receiver_mds_readpage_md,receiver_ldlm_cancel_md,receiver_obd_ping_md,receiver_close_md,receiver_create_md,receiver_intent_lock_md,receiver_setattr_md,receiver_read_page_md,receiver_unlink_md,receiver_avg_dsack_dups_value,receiver_avg_reord_seen,receiver_system_cpu_percent,receiver_system_memory_percent,receiver_remote_ost_read_bytes,receiver_remote_ost_write_bytes,through_put,label_value
1651975842.2391677,0.453,18493.5,362.0,201.0,528.0,382540.0,33.0,153.0,3777.0,9257.0,0.0,0.0,585071225,188,5010,13,692973568,32768,0,21,36766736384,33173,43.0,0.100707664650793,4096,4194304,8709735,1147,578813952,0,0,8709735,0,0,0,9,3072,440,0,2175,5,432,730,0,0,0,2,0,9,0,0,0,0.0,0.0,3.4,1.7,557842432,0,0.0,0.0,10.0,208.0,0.0,3768.0,0.0,0.0,379934.0,0.0,0.0,0.0,1115733,562036931,473,4350,45912064,562085888,0,22,36767649792,34823,77.8,0.1057167879339995,4096,4194304,4238510,623,0,524287248,0,0,4238510,0,0,0,0,481,0,5965,18,544,2047,0,1166,0,5,0,12,0,0,0,0.0,0.0,4.1,1.8,0,545258768,3.7645944952964783,0
1651975843.339543,0.387,19484.7,326.0,201.0,526.1282653808594,381570.0,58.0,324.0,3639.0,9758.1,319.0,1307296.0,1133740740,188,9202,13,1229844480,45056,0,18,36766736384,33233,39.2,0.1008898145883642,4096,4194304,9758696,1188,553648128,0,0,9758696,0,0,0,9,4096,440,0,2162,5,440,750,0,0,0,2,0,9,0,0,0,0.0,0.0,3.0,1.8,549453824,0,0.0,0.0,10.0,208.0,0.0,3633.0,0.0,0.0,384266.0,0.0,0.0,0.0,1117866,1117139923,479,8650,45912064,1117192192,0,19,36767649792,34864,81.4,0.1058412570580065,4096,4194304,9937574,1233,0,536870912,0,0,9937574,0,0,0,0,481,0,6815,17,613,2585,0,1289,0,5,0,12,0,0,0,0.0,0.0,4.0,1.9,0,536870912,3.732081830501557,0
1651975844.4350057,0.325,29028.9,408.0,201.0,522.2005920410156,378154.0,5.0,249.0,3477.0,14542.4,93.0,1359104.0,1687388868,188,13426,13,1783492608,53248,0,18,36766736384,33267,42.7,0.1009930328863212,4096,4194304,9695771,1179,549453824,0,0,9695771,0,0,0,9,5120,440,0,2234,5,436,853,0,0,0,2,0,9,0,0,0,0.0,0.0,3.3,1.8,549453824,0,0.0,0.0,10.0,208.0,0.0,3536.0,0.0,0.0,380620.0,0.0,0.0,0.0,1117866,1670119699,479,12906,45912064,1670279168,0,19,36767649792,34864,87.8,0.1058412570580065,4096,4194304,10046724,1238,0,532676608,0,0,10046724,0,0,0,0,481,0,5908,18,394,2015,0,1204,0,5,0,12,0,0,0,0.0,0.0,4.4,1.9,0,528482304,3.6975948810577393,0
1651975845.530141,0.531,21518.2,494.0,201.0,522.9102249145508,379027.0,0.0,249.0,3697.0,10776.8,244.0,797880.0,2235925899,188,17613,13,2337140736,61440,0,18,36766736384,33269,39.3,0.1009991045509069,4096,4194304,9652600,1170,549453824,0,0,9652600,0,0,0,9,6144,440,0,2205,5,407,860,0,0,0,2,0,9,0,0,0,0.0,0.0,3.0,1.9,549453824,0,0.0,0.0,10.0,208.0,0.0,3747.0,0.0,0.0,383643.0,0.0,0.0,0.0,1118602,2219722190,480,17122,45916160,2219921408,0,19,36767649792,35378,92.5,0.1074016748565326,4096,4194304,10052573,1240,0,536870912,0,0,10052573,0,0,0,0,481,0,5895,18,440,2066,0,1148,0,5,0,12,0,0,0,0.0,0.0,4.8,2.0,0,536870912,3.7718403935432434,0
1651975846.6276362,0.459,23023.2,457.0,201.0,524.7609176635742,379986.0,11.0,375.0,3440.0,11533.5,244.0,0.0,2786297227,188,21812,13,2890788864,61440,0,18,36766736384,33269,36.5,0.1009991045509069,4096,4194304,9684197,1188,549453824,0,0,9684197,0,0,0,8,2048,440,0,2281,5,395,925,0,0,0,2,0,9,0,0,0,0.0,0.0,2.8,1.9,549453824,0,0.0,0.0,10.0,208.0,0.0,3463.0,0.0,0.0,383474.0,0.0,0.0,0.0,1118602,2777600862,480,21406,45916160,2777669632,0,19,36767649792,34249,90.4,0.1039742201979022,4096,4194304,9456659,1227,0,532676608,0,0,9456659,0,0,0,0,481,0,7017,17,437,2216,0,1475,0,5,0,12,0,0,0,0.0,0.0,4.6,2.0,0,536870912,3.7368515729904175,0
1651975847.7271855,0.286,23023.2,539.0,201.0,523.9983139038086,379789.0,8.0,400.0,3374.0,21831.4,90.0,3147496.0,3333392466,188,25988,13,3444436992,65536,0,18,36766736384,33270,42.9,0.1010021403831997,4096,4194304,9686115,1179,549453824,0,0,9686115,0,0,0,9,3072,440,0,2246,5,415,922,0,0,0,2,0,9,0,0,0,0.0,0.0,3.1,2.0,553648128,0,0.0,0.0,10.0,208.0,0.0,3408.0,0.0,0.0,382915.0,0.0,0.0,0.0,1119315,3336975654,482,25701,45916160,3337043968,0,19,36767649792,34249,89.0,0.1039742201979022,4096,4194304,10776517,1238,0,541065216,0,0,10776517,0,0,0,0,481,0,8188,18,604,2853,0,1506,0,5,0,12,0,0,0,0.0,0.0,4.6,2.1,0,541065216,3.73046875,0
1651975848.8238974,0.34,23023.2,580.0,201.0,522.7921447753906,378799.0,0.0,400.0,3535.0,19760.9,100.0,2946680.0,3885205586,188,30198,13,3981307904,65536,0,18,36766736384,33270,40.0,0.1010021403831997,4096,4194304,9689844,1179,549453824,0,0,9689844,0,0,0,9,4096,440,0,2396,5,466,901,0,0,0,2,0,9,0,0,0,0.0,0.0,3.3,2.0,549453824,0,0.0,0.0,10.0,208.0,0.0,3577.0,0.0,0.0,382243.0,0.0,0.0,0.0,1120028,3886955246,484,29922,45916160,3887022080,0,19,36767649792,34249,88.7,0.1039742201979022,4096,4194304,10048196,1229,0,532676608,0,0,10048196,0,0,0,0,481,0,9056,17,617,3162,0,1900,0,5,0,12,0,0,0,0.0,0.0,4.6,2.1,0,528482304,3.693467259407044,0
1651975849.9200015,0.378,23023.2,625.0,201.0,528.6315155029297,383032.0,0.0,400.0,3297.0,19153.4,90.0,606104.0,4436232274,188,34402,13,4534956032,65536,0,18,36766736384,33270,37.4,0.1010021403831997,4096,4194304,9696172,1179,549453824,0,0,9696172,0,0,0,9,5120,440,0,2341,5,502,863,0,0,0,2,0,9,0,0,0,0.0,0.0,3.0,2.1,549453824,0,0.0,0.0,10.0,208.0,0.0,3286.0,0.0,0.0,382588.0,0.0,0.0,0.0,1120741,4441518249,486,34195,45916160,4441587712,0,19,36767649792,34762,86.1,0.1055316021641355,4096,4194304,10031208,1223,0,532676608,0,0,10031208,0,0,0,0,481,0,8020,18,571,2702,0,1558,0,5,0,12,0,0,0,0.0,0.0,4.4,2.2,0,532676608,3.7656789422035217,0
1651975851.0127091,0.411,23023.2,647.0,201.0,513.8925018310547,372355.0,0.0,400.0,3559.0,18235.6,123.0,3045144.0,4986603602,188,38601,13,5088604160,65536,0,18,36766736384,33270,37.4,0.1010021403831997,4096,4194304,9678836,1179,549453824,0,0,9678836,0,0,0,9,3072,440,0,2282,5,507,784,0,0,0,2,0,9,0,0,0,0.0,0.0,3.0,2.1,545259520,0,0.0,0.0,10.0,208.0,0.0,3657.0,0.0,0.0,381108.0,0.0,0.0,0.0,1120741,4994050480,486,38430,45916160,4994121728,0,19,36767649792,34762,90.5,0.1055316021641355,4096,4194304,9990493,1233,0,528482304,0,0,9990493,0,0,0,0,481,0,5360,17,397,1698,0,1074,0,5,0,12,0,0,0,0.0,0.0,4.7,2.2,0,532676608,3.774052441120148,0
1651975852.1021478,0.303,23023.2,661.0,201.0,527.0830230712891,381932.0,0.0,400.0,3763.0,25270.7,180.0,3518640.0,5533567058,188,42774,13,5642252288,65536,0,18,36766736384,33270,39.3,0.1010021403831997,4096,4194304,9666234,1179,549453824,0,0,9666234,0,0,0,9,4096,440,0,2326,5,476,814,0,0,0,2,0,9,0,0,0,0.0,0.0,3.2,2.2,549453824,0,0.0,0.0,10.0,208.0,0.0,3795.0,0.0,0.0,385792.0,0.0,0.0,0.0,1120741,5547244616,486,42668,45916160,5547315200,0,19,36767649792,34762,94.1,0.1055316021641355,4096,4194304,9000316,1244,0,536870912,0,0,9000316,0,0,0,0,481,0,7698,18,458,2417,0,1569,0,5,0,12,0,0,0,0.0,0.0,4.6,2.3,0,532676608,3.7158203125,0
1651975853.1996536,0.382,31113.0,513.0,201.0,527.6342620849609,382457.0,20.0,464.0,3728.0,15556.5,339.0,490984.0,6083020882,188,46966,13,6179123200,69632,0,18,36766736384,33274,39.4,0.1010142837123711,4096,4194304,9652098,1179,549453824,0,0,9652098,0,0,0,9,5120,440,0,2396,5,485,913,0,0,0,2,0,9,0,0,0,0.0,0.0,3.0,2.2,549453824,0,0.0,0.0,10.0,208.0,0.0,3682.0,0.0,0.0,382866.0,0.0,0.0,0.0,1121456,6108087258,488,46964,45916160,6108155904,0,19,36767649792,34765,94.0,0.1055407096610141,4096,4194304,8951502,1238,0,532676608,0,0,8951502,0,0,0,0,481,0,6065,17,440,2091,0,1192,0,5,0,12,0,0,0,0.0,0.0,4.6,2.3,0,532676608,3.7431640625,0
1651975854.2927942,0.265,31113.0,585.0,201.0,522.4937973022461,378331.0,0.0,464.0,3407.0,25572.2,90.0,3774288.0,6632474706,188,51158,13,6732771328,69632,0,18,36766736384,33274,37.4,0.1010142837123711,4096,4194304,9645453,1179,549453824,0,0,9645453,0,0,0,9,6144,440,0,2318,5,462,840,0,0,0,2,0,9,0,0,0,0.0,0.0,3.3,2.3,549453824,0,0.0,0.0,10.0,208.0,0.0,3534.0,0.0,0.0,388179.0,0.0,0.0,0.0,1121456,6658065404,488,51187,45916160,6658134016,0,19,36767649792,34778,88.9,0.1055801754808211,4096,4194304,8911509,1208,0,528482304,0,0,8911509,0,0,0,0,481,0,7165,17,384,2498,0,1470,0,5,0,12,0,0,0,0.0,0.0,4.5,2.4,0,532676608,3.785415172576904,0
1651975855.3871274,0.303,31113.0,603.0,201.0,525.4744415283203,380614.0,0.0,464.0,3914.0,23053.3,90.0,0.0,7182714962,188,55356,13,7286419456,69632,0,18,36766736384,33274,36.6,0.1010142837123711,4096,4194304,9633787,1179,549453824,0,0,9633787,0,0,0,9,2048,440,0,2209,5,431,792,0,0,0,2,0,9,0,0,0,0.0,0.0,2.9,2.3,553648128,0,0.0,0.0,10.0,208.0,0.0,3932.0,0.0,0.0,382057.0,0.0,0.0,0.0,1122171,7222592730,490,55510,45916160,7222661120,0,19,36767649792,35292,94.3,0.1071405932793473,4096,4194304,9140688,1066,0,461373440,0,0,9140688,0,0,0,0,481,0,6065,17,553,2105,0,1136,0,5,0,12,0,0,0,0.0,0.0,4.6,2.4,0,461373440,3.741043508052826,0
1651975856.4810529,0.247,31113.0,622.0,201.0,526.4231567382812,381538.0,0.0,464.0,3685.0,29171.0,90.0,1653440.0,7735576658,188,59574,13,7840067584,69632,0,18,36766736384,33274,38.3,0.1010142837123711,4096,4194304,9731813,1179,549453824,0,0,9731813,0,0,0,9,3072,440,0,2247,5,375,864,0,0,0,2,0,9,0,0,0,0.0,0.0,3.0,2.4,549453824,0,0.0,0.0,10.0,208.0,0.0,3729.0,0.0,0.0,386935.0,0.0,0.0,0.0,1122171,7777203289,490,59760,45916160,7777271808,0,19,36767649792,35292,93.1,0.1071405932793473,4096,4194304,13475544,1103,0,478150656,0,0,13475544,0,0,0,0,481,0,8637,18,704,2988,0,1683,0,5,0,12,0,0,0,0.0,0.0,4.4,2.5,0,478150656,3.757003366947174,0
1651975857.5742986,0.313,31113.0,637.0,201.0,525.5768432617188,380760.0,0.0,464.0,3330.0,23575.1,90.0,0.0,8282148320,188,63748,13,8393715712,73728,0,18,36766736384,33635,40.2,0.1021102191700908,4096,4194304,9642879,1188,553648128,0,0,9642879,0,0,0,9,4096,440,0,2411,5,473,855,0,0,0,2,0,9,0,0,0,0.0,0.0,3.1,2.4,549453824,0,0.0,0.0,10.0,208.0,0.0,3307.0,0.0,0.0,383702.0,0.0,0.0,0.0,1123601,8335794544,494,64066,45916160,8335863808,0,19,36767649792,35329,86.7,0.1072529190741828,4096,4194304,7944662,1045,0,448790528,0,0,7944662,0,0,0,0,481,0,6420,17,458,2281,0,1222,0,5,0,12,0,0,0,0.0,0.0,4.2,2.5,0,444596224,3.75,0
1651975858.6661491,0.346,31113.0,644.0,201.0,523.6512908935547,379565.0,0.0,464.0,3110.0,21561.0,90.0,365648.0,8834485728,188,67962,13,8930586624,77824,0,18,36766736384,33635,39.4,0.1021102191700908,4096,4194304,9566599,1170,545259520,0,0,9566599,0,0,0,9,5120,440,0,2091,5,339,792,0,0,0,2,0,9,0,0,0,0.0,0.0,3.1,2.5,549453824,0,0.0,0.0,10.0,208.0,0.0,3157.0,0.0,0.0,384110.0,0.0,0.0,0.0,1125031,8892783210,498,68376,45916160,8892854272,0,19,36767649792,35329,82.3,0.1072529190741828,4096,4194304,7877267,1002,0,440401920,0,0,7877267,0,0,0,0,481,0,7804,17,459,2660,0,1581,0,5,0,12,0,0,0,0.0,0.0,4.0,2.6,0,436207616,3.75,0
1651975859.7576125,0.608,24905.5,654.0,201.0,524.0276412963867,379865.0,0.0,464.0,3214.0,12460.4,233.0,336664.0,9383939552,188,72154,13,9484234752,77824,0,18,36766736384,33635,38.4,0.1021102191700908,4096,4194304,9719243,1188,553648128,0,0,9719243,0,0,0,9,6144,440,0,2130,5,385,814,0,0,0,2,0,9,0,0,0,0.0,0.0,3.3,2.5,549453824,0,0.0,0.0,10.0,208.0,0.0,3262.0,0.0,0.0,384923.0,0.0,0.0,0.0,1125031,9449406924,498,72665,45916160,9449476096,0,19,36767649792,35329,82.5,0.1072529190741828,4096,4194304,15694651,1039,0,457179136,0,0,15694651,0,0,0,0,481,0,6114,18,483,2034,0,1221,0,5,0,12,0,0,0,0.0,0.0,4.1,2.6,0,461373440,3.750312864780426,0
1651975861.9489038,0.473,32946.8,673.0,201.0,528.0,382603.0,0.0,464.0,3079.0,16482.1,233.0,0.0,10482847200,188,80538,13,10591531008,81920,0,18,36766736384,34147,37.5,0.1036645653040313,4096,4194304,9658695,1179,549453824,0,0,9658695,0,0,0,9,3072,440,0,2131,5,386,805,0,0,0,2,0,9,0,0,0,0.0,0.0,3.3,2.6,553648128,0,0.0,0.0,10.0,208.0,0.0,3140.0,0.0,0.0,381495.0,0.0,0.0,0.0,1125746,10003416654,500,76937,45916160,10003484672,0,19,36767649792,35841,80.8,0.1088072652081233,4096,4194304,10173877,1070,0,461373440,0,0,10173877,0,0,0,0,481,0,7032,18,599,2583,0,1316,0,5,0,12,0,0,0,0.0,0.0,4.2,2.7,0,448790528,3.75,0
1651975885.23206,0.3,24727.9,321.0,201.0,527.9947891235352,382548.0,0.0,40.0,3837.0,12394.9,4.0,5464.0,559507298,190,4801,13,659046400,32768,0,21,36767789056,32561,53.5,0.0988497352875673,4096,4194304,7945143,1076,562036736,0,0,7945143,0,0,0,9,5120,440,0,2180,5,358,882,0,0,0,2,0,9,0,0,0,0.0,0.0,4.3,1.7,557842432,0,0.0,0.0,10.0,208.0,0.0,3839.0,0.0,0.0,382548.0,0.0,0.0,0.0,1123474,557915018,495,4492,47185920,557957120,0,22,36767649792,32608,88.2,0.0989924194053314,4096,4194304,5053789,721,0,524288000,0,0,5053789,0,0,0,0,481,0,6516,17,319,2395,0,1381,0,5,0,12,0,0,0,0.0,0.0,4.5,1.8,0,549453824,3.7626953125,0
1651975886.3319848,0.258,27079.8,302.0,201.0,527.0601119995117,381993.0,21.0,183.0,3785.0,13559.6,90.0,991008.0,1122987949,190,9106,13,1229471744,40960,0,18,36767789056,32635,45.1,0.0990743868772384,4096,4194304,9814097,1206,562036736,0,0,9814097,0,0,0,9,3072,440,0,2178,5,438,895,0,0,0,2,0,9,0,0,0,0.0,0.0,3.4,1.8,553648128,0,0.0,0.0,10.0,208.0,0.0,3799.0,0.0,0.0,383638.0,0.0,0.0,0.0,1125605,1121976540,501,8811,47185920,1122025472,0,19,36767649792,32660,95.7,0.0991502826845597,4096,4194304,10045647,1134,0,499122176,0,0,10045647,0,0,0,0,481,0,7536,17,468,2285,0,1713,0,5,0,12,0,0,0,0.0,0.0,4.6,1.9,0,494927872,3.750636518001557,0
1651975887.4273317,0.335,27670.5,401.0,201.0,528.6549911499023,383014.0,0.0,183.0,3805.0,13866.2,90.0,304200.0,1677029293,190,13333,13,1783119872,40960,0,18,36767789056,33147,43.7,0.1006287330111789,4096,4194304,9712217,1181,549453824,0,0,9712217,0,0,0,9,3072,440,0,2128,5,407,777,0,0,0,2,0,9,0,0,0,0.0,0.0,3.4,1.8,553648128,0,0.0,0.0,10.0,208.0,0.0,3810.0,0.0,0.0,384566.0,0.0,0.0,0.0,1125605,1675755780,501,13048,47185920,1675935744,0,19,36767649792,32660,93.4,0.0991502826845597,4096,4194304,9619568,1051,0,452984832,0,0,9619568,0,0,0,0,481,0,8373,17,573,3071,0,1643,0,5,0,12,0,0,0,0.0,0.0,4.6,1.9,0,457179136,3.789402544498444,0
1651975888.522227,0.393,27201.1,462.0,201.0,528.2901077270508,382685.0,0.0,183.0,3829.0,13617.8,90.0,0.0,2228449908,190,17542,13,2336768000,53248,0,18,36767789056,32368,42.0,0.0982638196550468,4096,4194304,9635347,1189,553648128,0,0,9635347,0,0,0,9,3072,440,0,2146,5,401,770,0,0,0,2,0,9,0,0,0,0.0,0.0,3.0,1.9,553648128,0,0.0,0.0,10.0,208.0,0.0,3887.0,0.0,0.0,387938.0,0.0,0.0,0.0,1127054,2234778064,504,17324,47194112,2234966016,0,19,36767649792,33174,95.8,0.1007107004830859,4096,4194304,10525447,1105,0,473956352,0,0,10525447,0,0,0,0,481,0,5623,17,409,2026,0,959,0,5,0,12,0,0,0,0.0,0.0,4.6,2.0,0,469762048,3.737191200256348,0
1651975889.6201177,0.253,27201.1,509.0,201.0,524.7481231689453,380270.0,0.0,183.0,3860.0,23305.4,90.0,3409840.0,2781312315,190,21762,13,2890416128,53248,0,18,36767789056,32368,39.2,0.0982638196550468,4096,4194304,9695814,1188,553648128,0,0,9695814,0,0,0,9,3072,440,0,2022,5,405,730,0,0,0,2,0,9,0,0,0,0.0,0.0,3.1,1.9,553648128,0,0.0,0.0,10.0,208.0,0.0,3919.0,0.0,0.0,385682.0,0.0,0.0,0.0,1127054,2790674728,504,21580,47194112,2790768640,0,19,36767649792,33174,92.1,0.1007107004830859,4096,4194304,10179461,1078,0,465567744,0,0,10179461,0,0,0,0,481,0,5562,18,248,1946,0,1059,0,5,0,12,0,0,0,0.0,0.0,4.7,2.0,0,473956352,3.785269737243652,0
1651975890.714095,0.338,27201.1,544.0,201.0,525.4585723876953,380782.0,6.0,384.0,3744.0,18644.1,135.0,1880416.0,3331553282,190,25962,13,3427287040,53248,0,18,36767789056,32368,42.9,0.0982638196550468,4096,4194304,9698462,1179,549453824,0,0,9698462,0,0,0,9,4096,440,0,2051,5,441,749,0,0,0,2,0,9,0,0,0,0.0,0.0,3.3,2.0,549453824,0,0.0,0.0,10.0,208.0,0.0,3762.0,0.0,0.0,382074.0,0.0,0.0,0.0,1127767,3354133024,506,25890,47194112,3354189824,0,19,36767649792,33175,92.9,0.1007137363153787,4096,4194304,10101060,1083,0,469762048,0,0,10101060,0,0,0,0,481,0,5821,18,434,1948,0,1102,0,5,0,12,0,0,0,0.0,0.0,4.5,2.1,0,461373440,3.7607421875,0
1651975891.80942,0.318,27201.1,558.0,201.0,526.8153686523438,381681.0,0.0,384.0,3832.0,20326.6,102.0,3122592.0,3884939266,190,30184,13,3980935168,57344,0,18,36767789056,32368,49.4,0.0982638196550468,4096,4194304,9622702,1189,553648128,0,0,9622702,0,0,0,9,4096,440,0,2031,5,411,731,0,0,0,2,0,9,0,0,0,0.0,0.0,3.6,2.0,553648128,0,0.0,0.0,10.0,208.0,0.0,3903.0,0.0,0.0,388663.0,0.0,0.0,0.0,1128480,3907256898,508,30121,47194112,3907444736,0,19,36767649792,33175,93.2,0.1007137363153787,4096,4194304,9963610,1044,0,457179136,0,0,9963610,0,0,0,0,481,0,5537,17,349,1916,0,1051,0,5,0,12,0,0,0,0.0,0.0,4.5,2.1,0,452984832,3.7509765625,0
1651975892.8992283,0.424,31946.4,585.0,201.0,523.3328018188477,379164.0,0.0,384.0,3799.0,15982.6,90.0,3258000.0,4438456322,190,34407,13,4534583296,57344,0,18,36767789056,32370,37.5,0.0982698913196325,4096,4194304,9703638,1188,553648128,0,0,9703638,0,0,0,9,5120,440,0,2099,5,448,732,0,0,0,2,0,9,0,0,0,0.0,0.0,2.9,2.1,549453824,0,0.0,0.0,10.0,208.0,0.0,3871.0,0.0,0.0,383986.0,0.0,0.0,0.0,1129193,4471128885,510,34439,47194112,4471193600,0,19,36767649792,33691,94.1,0.1022802257784906,4096,4194304,10381670,1048,0,452984832,0,0,10381670,0,0,0,0,481,0,7144,17,534,2339,0,1351,0,5,0,12,0,0,0,0.0,0.0,4.6,2.2,0,461373440,3.771484375,0
1651975895.0829115,0.388,31946.4,614.0,201.0,523.5575866699219,379307.0,0.0,384.0,3911.0,18331.4,90.0,937376.0,5540902914,190,42818,13,5641879552,57344,0,18,36767789056,32370,40.1,0.0982698913196325,4096,4194304,9614112,1179,549453824,0,0,9614112,0,0,0,9,2048,440,0,2087,5,417,700,0,0,0,2,0,9,0,0,0,0.0,0.0,3.2,2.2,553648128,0,0.0,0.0,10.0,208.0,0.0,4004.0,0.0,0.0,390515.0,0.0,0.0,0.0,1129193,5583799159,510,42951,47194112,5583863808,0,19,36767649792,33691,94.1,0.1022802257784906,4096,4194304,10200709,1065,0,457179136,0,0,10200709,0,0,0,0,481,0,5986,17,432,2170,0,1082,0,5,0,12,0,0,0,0.0,0.0,4.6,2.3,0,452984832,3.7203307151794434,0
1651975896.1783624,0.311,31946.4,629.0,201.0,528.8939514160156,383099.0,0.0,384.0,3876.0,23428.7,90.0,0.0,6090225666,190,47009,13,6195527680,61440,0,18,36767789056,32370,40.3,0.0982698913196325,4096,4194304,9688942,1188,553648128,0,0,9688942,0,0,0,9,3072,440,0,2166,5,464,749,0,0,0,2,0,9,0,0,0,0.0,0.0,3.3,2.2,549453824,0,0.0,0.0,10.0,208.0,0.0,3841.0,0.0,0.0,385465.0,0.0,0.0,0.0,1129906,6147072055,512,47266,47194112,6147137536,0,19,36767649792,33692,94.3,0.1022832616107834,4096,4194304,10104955,1071,0,461373440,0,0,10104955,0,0,0,0,481,0,5462,17,464,1867,0,1101,0,5,0,12,0,0,0,0.0,0.0,4.4,2.3,0,461373440,3.797409236431122,0
1651975897.2748764,0.285,31946.4,643.0,201.0,528.0,382543.0,0.0,384.0,3822.0,26135.1,90.0,0.0,6645053442,190,51242,13,6749175808,61440,0,18,36767789056,32370,36.5,0.0982698913196325,4096,4194304,9690503,1179,553648128,0,0,9690503,0,0,0,9,3072,440,0,2050,5,408,742,0,0,0,2,0,9,0,0,0,0.0,0.0,3.0,2.3,553648128,0,0.0,0.0,10.0,208.0,0.0,3857.0,0.0,0.0,387063.0,0.0,0.0,0.0,1129906,6702498758,512,51521,47194112,6702563328,0,19,36767649792,33692,91.5,0.1022832616107834,4096,4194304,10144157,1073,0,465567744,0,0,10144157,0,0,0,0,481,0,5779,18,448,1872,0,1070,0,5,0,12,0,0,0,0.0,0.0,4.6,2.4,0,465567744,3.754720985889435,0
1651975898.367576,0.277,31946.4,661.0,201.0,525.1454467773438,380579.0,0.0,384.0,3630.0,27642.7,90.0,2801880.0,7198701570,190,55466,13,7302823936,61440,0,18,36767789056,32370,35.6,0.0982698913196325,4096,4194304,9623556,1188,549453824,0,0,9623556,0,0,0,9,3072,440,0,2022,5,390,696,0,0,0,2,0,9,0,0,0,0.0,0.0,3.0,2.3,553648128,0,0.0,0.0,10.0,208.0,0.0,3765.0,0.0,0.0,385971.0,0.0,0.0,0.0,1130621,7255884960,514,55761,47194112,7255961600,0,19,36767649792,34225,93.9,0.1039013602228738,4096,4194304,9895556,1037,0,448790528,0,0,9895556,0,0,0,0,481,0,6972,17,597,2384,0,1254,0,5,0,12,0,0,0,0.0,0.0,4.6,2.4,0,448790528,3.750442326068878,0
1651975899.458606,0.322,31946.4,667.0,201.0,526.8545532226562,381618.0,0.0,384.0,3907.0,23995.4,90.0,0.0,7743961090,190,59626,13,7839694848,61440,0,18,36767789056,32370,42.1,0.0982698913196325,4096,4194304,9705944,1188,553648128,0,0,9705944,0,0,0,9,4096,440,0,2109,5,382,775,0,0,0,2,0,9,0,0,0,0.0,0.0,3.4,2.4,549453824,0,0.0,0.0,10.0,208.0,0.0,3900.0,0.0,0.0,384123.0,0.0,0.0,0.0,1130621,7821198535,514,60083,47194112,7821262848,0,19,36767649792,34225,94.2,0.1039013602228738,4096,4194304,10148601,1018,0,444596224,0,0,10148601,0,0,0,0,481,0,5672,17,386,2051,0,936,0,5,0,12,0,0,0,0.0,0.0,4.6,2.5,0,440401920,3.751510798931122,0
1651975900.5551758,0.337,31946.4,673.0,201.0,527.6143798828125,382388.0,0.0,384.0,3779.0,23133.6,90.0,404352.0,8297610640,190,63854,13,8393342976,65536,0,18,36767789056,32735,47.6,0.0993779701065237,4096,4194304,9644353,1182,549453824,0,0,9644353,0,0,0,9,4096,440,0,2071,5,392,797,0,0,0,2,0,9,0,0,0,0.0,0.0,3.4,2.4,553648128,0,0.0,0.0,10.0,208.0,0.0,3850.0,0.0,0.0,386862.0,0.0,0.0,0.0,1132051,8376681710,518,64340,47194112,8376745984,0,19,36767649792,34244,93.8,0.103959041036438,4096,4194304,10516474,978,0,423624704,0,0,10516474,0,0,0,0,481,0,5694,17,447,1922,0,1037,0,5,0,12,0,0,0,0.0,0.0,4.4,2.5,0,423624704,3.775390625,0
1651975901.6513944,0.294,31946.4,681.0,201.0,526.1572265625,381186.0,0.0,384.0,3867.0,26832.3,75.0,2336640.0,8851258768,190,68078,13,8946991104,69632,0,18,36767789056,32735,40.1,0.0993779701065237,4096,4194304,9673873,1188,553648128,0,0,9673873,0,0,0,9,4096,440,0,2408,5,487,898,0,0,0,2,0,9,0,0,0,0.0,0.0,3.1,2.5,553648128,0,0.0,0.0,10.0,208.0,0.0,3886.0,0.0,0.0,386680.0,0.0,0.0,0.0,1132766,8938607679,520,68640,47194112,8938672128,0,19,36767649792,34244,93.1,0.103959041036438,4096,4194304,10156399,1071,0,465567744,0,0,10156399,0,0,0,0,481,0,7914,17,576,2792,0,1528,0,5,0,12,0,0,0,0.0,0.0,4.7,2.6,0,473956352,3.744140625,0
1651975902.7430887,0.333,31946.4,690.0,201.0,526.2283935546875,381198.0,0.0,384.0,3808.0,24002.9,75.0,0.0,9404906896,190,72302,13,9500639232,69632,0,18,36767789056,32750,38.3,0.0994235075909165,4096,4194304,9688603,1189,553648128,0,0,9688603,0,0,0,9,5120,440,0,2188,5,460,789,0,0,0,2,0,9,0,0,0,0.0,0.0,3.2,2.5,549453824,0,0.0,0.0,10.0,208.0,0.0,3820.0,0.0,0.0,383449.0,0.0,0.0,0.0,1132766,9498021560,520,72920,47194112,9498120192,0,19,36767649792,34244,93.2,0.103959041036438,4096,4194304,10038990,1171,0,507510784,0,0,10038990,0,0,0,0,481,0,5673,18,404,1914,0,1009,0,5,0,12,0,0,0,0.0,0.0,4.6,2.7,0,507510784,3.767578125,0
1651975904.9288418,0.372,33315.5,708.0,201.0,524.5321350097656,380051.0,0.0,384.0,3934.0,22047.0,124.0,178328.0,10503814544,190,80686,13,10607935488,69632,0,18,36767789056,32750,38.4,0.0994235075909165,4096,4194304,9677276,1172,549453824,0,0,9677276,0,0,0,9,3072,440,0,2316,5,472,848,0,0,0,2,0,9,0,0,0,0.0,0.0,3.1,2.6,549453824,0,0.0,0.0,10.0,208.0,0.0,3912.0,0.0,0.0,383215.0,0.0,0.0,0.0,1133481,10049234589,522,77138,47194112,10049306624,0,19,36767649792,34756,95.4,0.1055133871703784,4096,4194304,10031285,1171,0,503316480,0,0,10031285,0,0,0,0,481,0,5688,17,305,2052,0,973,0,5,0,12,0,0,0,0.0,0.0,4.7,2.7,0,490733568,3.764508187770844,0
1651975906.0190704,0.393,33315.5,719.0,201.0,439.7458686828613,318569.0,0.0,384.0,3127.0,21193.1,90.0,3648960.0,10998745602,355,84474,16,11094474752,81920,0,18,36767789056,32775,36.6,0.0994994033982378,4096,4194304,6949089,831,499122176,0,0,6949089,0,0,0,5,0,440,0,4519,11,429,1687,0,587,0,4,0,17,0,0,0,0.0,0.0,3.0,2.7,499122176,0,0.0,0.0,10.0,208.0,0.0,3545.0,0.0,0.0,350541.0,0.0,0.0,0.0,1134200,11090790004,524,85103,47194112,11090862080,0,19,36767649792,34758,85.8,0.1055194588349641,4096,4194304,10185801,1155,0,503316480,0,0,10184620,1181,0,0,0,481,0,8034,23,412,2460,0,1491,0,6,0,15,1,0,0,0.0,0.0,4.4,2.8,0,494927872,3.591036081314087,0
1651975907.1141047,0.363,33315.5,725.0,201.0,524.496467590332,380015.0,0.0,384.0,3955.0,23136.1,129.0,3835752.0,11506125314,355,88345,16,11614568448,81920,0,18,36767789056,32775,39.5,0.0994994033982378,4096,4194304,8474932,1008,545259520,0,0,8474932,0,0,0,2,0,440,0,2149,5,389,845,0,0,0,2,0,9,0,0,0,0.0,0.0,3.3,2.8,545259520,0,0.0,0.0,10.0,208.0,0.0,3931.0,0.0,0.0,383373.0,0.0,0.0,0.0,1134919,11664492187,526,89491,47194112,11664564224,0,19,36767649792,34758,88.0,0.1055194588349641,4096,4194304,9994506,1220,0,532676608,0,0,9994506,0,0,0,0,481,0,8070,17,568,2785,0,1562,0,5,0,12,0,0,0,0.0,0.0,4.4,2.9,0,536870912,3.855252981185913,0
1651975929.362157,0.352,21105.2,321.0,201.0,502.7306594848633,364306.0,0.0,56.0,3634.0,10563.8,90.0,1462072.0,522802945,190,4509,13,625086464,32768,0,21,36766736384,33196,52.0,0.1007774887935286,4096,4194304,7443714,991,536870912,0,0,7443714,0,0,0,9,4096,440,0,2033,5,388,726,0,0,0,2,0,9,0,0,0,0.0,0.0,4.0,1.7,528482304,0,0.0,0.0,10.0,208.0,0.0,3720.0,0.0,0.0,372270.0,0.0,0.0,0.0,1119376,537526462,483,4459,45838336,537567232,0,21,36767649792,33646,86.8,0.1021436133253122,4096,4194304,4346796,627,0,515899392,0,0,4346796,0,0,0,0,481,0,6880,18,439,2526,0,1295,0,5,0,12,0,0,0,0.0,0.0,4.3,1.8,0,536870912,3.7705078125,0
1651975930.457383,0.265,21105.2,407.0,201.0,518.1384735107422,375352.0,0.0,56.0,3717.0,17791.3,90.0,2476080.0,1076191052,190,8737,13,1178734592,36864,0,18,36766736384,33264,44.3,0.1009839253894426,4096,4194304,9730837,1188,553648128,0,0,9730837,0,0,0,9,2048,440,0,2121,5,403,784,0,0,0,2,0,9,0,0,0,0.0,0.0,3.5,1.8,549453824,0,0.0,0.0,10.0,208.0,0.0,3785.0,0.0,0.0,379738.0,0.0,0.0,0.0,1121507,1091567840,489,8695,45838336,1091616768,0,19,36767649792,33673,98.1,0.1022255807972192,4096,4194304,9784189,1226,0,532676608,0,0,9784189,0,0,0,0,481,0,5671,17,366,1901,0,987,0,5,0,12,0,0,0,0.0,0.0,4.9,1.9,0,528482304,3.716796875,0
1651975931.5541198,0.287,21105.2,466.0,201.0,527.1637115478516,381920.0,0.0,56.0,3775.0,18808.9,90.0,2671560.0,1625775948,190,12930,13,1732382720,36864,0,18,36766736384,33264,42.1,0.1009839253894426,4096,4194304,9583238,1170,545259520,0,0,9583238,0,0,0,9,3072,440,0,2182,5,426,772,0,0,0,2,0,9,0,0,0,0.0,0.0,3.3,1.8,549453824,0,0.0,0.0,10.0,208.0,0.0,3766.0,0.0,0.0,382532.0,0.0,0.0,0.0,1121507,1647025641,489,12949,45838336,1647075328,0,19,36767649792,33673,93.6,0.1022255807972192,4096,4194304,10069863,1213,0,532676608,0,0,10069863,0,0,0,0,481,0,7681,19,444,2570,0,1639,0,5,0,12,0,0,0,0.0,0.0,4.7,1.9,0,532676608,3.768813610076904,0
1651975932.6480436,0.322,21105.2,511.0,201.0,523.442626953125,379246.0,0.0,56.0,3789.0,18383.3,90.0,3909600.0,2174312979,190,17117,13,2286030848,49152,0,18,36766736384,32503,42.8,0.0986736570145819,4096,4194304,9702828,1188,553648128,0,0,9702828,0,0,0,9,4096,440,0,2224,5,397,857,0,0,0,2,0,9,0,0,0,0.0,0.0,3.3,1.9,549453824,0,0.0,0.0,10.0,208.0,0.0,3786.0,0.0,0.0,378748.0,0.0,0.0,0.0,1122243,2201092554,490,17190,45846528,2201153536,0,19,36767649792,34187,94.1,0.1037859985957454,4096,4194304,10080838,1190,0,515899392,0,0,10080838,0,0,0,0,481,0,7406,17,499,2245,0,1446,0,5,0,12,0,0,0,0.0,0.0,4.7,2.0,0,515899392,3.751694202423096,0
1651975934.8370576,0.421,30185.1,549.0,201.0,528.0574951171875,382612.0,0.0,56.0,3794.0,15106.0,133.0,2017064.0,3277022426,190,25532,13,3376549888,49152,0,18,36766736384,32504,44.8,0.0986766928468748,4096,4194304,9652458,1188,553648128,0,0,9652458,0,0,0,9,6144,440,0,2273,5,499,856,0,0,0,2,0,9,0,0,0,0.0,0.0,3.3,2.0,549453824,0,0.0,0.0,10.0,208.0,0.0,3746.0,0.0,0.0,384334.0,0.0,0.0,0.0,1122956,3316419033,492,25731,45846528,3316482048,0,19,36767649792,33153,92.3,0.100646948004936,4096,4194304,10142297,1110,0,490733568,0,0,10142297,0,0,0,0,481,0,7577,18,524,2422,0,1427,0,5,0,12,0,0,0,0.0,0.0,4.5,2.1,0,490733568,3.698360860347748,0
1651975937.02905,0.32,31795.4,599.0,201.0,522.5337219238281,378676.0,0.0,56.0,3636.0,21683.8,90.0,2323936.0,4379206874,190,33941,13,4483846144,53248,0,18,36766736384,32506,39.3,0.0986827645114605,4096,4194304,9725278,1179,549453824,0,0,9725278,0,0,0,9,3072,440,0,2044,5,419,743,0,0,0,2,0,9,0,0,0,0.0,0.0,3.2,2.1,553648128,0,0.0,0.0,10.0,208.0,0.0,3692.0,0.0,0.0,382555.0,0.0,0.0,0.0,1124382,4424775761,496,34246,45846528,4424839168,0,19,36767649792,33667,90.6,0.1022073658034621,4096,4194304,10108335,1147,0,494927872,0,0,10108335,0,0,0,0,481,0,5699,17,428,1814,0,1043,0,5,0,12,0,0,0,0.0,0.0,4.5,2.2,0,499122176,3.715081095695496,0
1651975938.1226687,2.157,6530.4,608.0,203.0,519.6194610595703,376454.0,0.0,56.0,3807.0,3265.2,90.0,2687920.0,4929053914,190,38136,13,5037494272,53248,0,18,36766736384,32506,44.7,0.0986827645114605,4096,4194304,9645690,1189,553648128,0,0,9645690,0,0,0,9,4096,440,0,2018,5,417,727,0,0,0,2,0,9,0,0,0,0.0,0.0,3.4,2.1,549453824,0,0.0,0.0,10.0,208.0,0.0,3930.0,0.0,0.0,385517.0,0.0,0.0,0.0,1124382,4971705952,496,38431,45846528,4971769856,0,19,36767649792,33667,92.5,0.1022073658034621,4096,4194304,9998769,1107,0,478150656,0,0,9998769,0,0,0,0,481,0,5893,17,481,2014,0,1074,0,5,0,12,0,0,0,0.0,0.0,4.7,2.2,0,478150656,3.775045394897461,0
1651975939.217343,0.273,6530.4,617.0,201.0,533.2583770751953,386327.0,0.0,56.0,3877.0,26180.7,90.0,3762752.0,5477590234,190,42321,13,5574365184,53248,0,18,36766736384,32506,41.1,0.0986827645114605,4096,4194304,9660371,1181,549453824,0,0,9660371,0,0,0,9,5120,440,0,2049,5,378,777,0,0,0,2,0,9,0,0,0,0.0,0.0,3.3,2.2,549453824,0,0.0,0.0,10.0,208.0,0.0,3800.0,0.0,0.0,383159.0,0.0,0.0,0.0,1124382,5536249010,496,42750,45846528,5536313344,0,19,36767649792,33667,94.2,0.1022073658034621,4096,4194304,10122406,1146,0,494927872,0,0,10122406,0,0,0,0,481,0,5661,17,454,1944,0,1008,0,5,0,12,0,0,0,0.0,0.0,4.7,2.3,0,486539264,3.75,0
1651975940.3140457,0.342,6530.4,625.0,201.0,527.9467849731445,382527.0,0.0,56.0,3864.0,21169.6,129.0,672824.0,6026781914,190,46511,13,6128013312,57344,0,18,36766736384,32506,44.8,0.0986827645114605,4096,4194304,9661504,1179,549453824,0,0,9661504,0,0,0,9,5120,440,0,1966,5,401,722,0,0,0,2,0,9,0,0,0,0.0,0.0,3.3,2.2,553648128,0,0.0,0.0,10.0,208.0,0.0,3842.0,0.0,0.0,382734.0,0.0,0.0,0.0,1125097,6095242160,498,47028,45846528,6095302656,0,19,36767649792,33667,94.0,0.1022073658034621,4096,4194304,10081159,1123,0,490733568,0,0,10081159,0,0,0,0,481,0,5905,19,401,1944,0,1132,0,5,0,12,0,0,0,0.0,0.0,4.7,2.3,0,494927872,3.734375,0
1651975941.4121983,0.392,6530.4,644.0,201.0,526.9707107543945,381828.0,0.0,56.0,3702.0,19030.9,175.0,1752112.0,6582133978,190,50748,13,6681661440,57344,0,18,36766736384,32506,38.3,0.0986827645114605,4096,4194304,9717460,1188,553648128,0,0,9717460,0,0,0,9,6144,440,0,2232,5,427,796,0,0,0,2,0,9,0,0,0,0.0,0.0,3.1,2.3,549453824,0,0.0,0.0,10.0,208.0,0.0,3718.0,0.0,0.0,386494.0,0.0,0.0,0.0,1125097,6652167127,498,51293,45846528,6652227584,0,19,36767649792,33667,91.4,0.1022134374680478,4096,4194304,10075121,1099,0,473956352,0,0,10075121,0,0,0,0,481,0,7602,17,571,2749,0,1495,0,5,0,12,0,0,0,0.0,0.0,4.5,2.4,0,478150656,3.760110855102539,0
1651975942.5072856,0.331,6530.4,663.0,201.0,523.1708908081055,379200.0,0.0,56.0,3692.0,23203.0,362.0,546304.0,7134340314,190,54961,13,7235309568,57344,0,18,36766736384,32508,37.3,0.0986888361760462,4096,4194304,9699301,1179,549453824,0,0,9699301,0,0,0,9,2048,440,0,1920,5,334,695,0,0,0,2,0,9,0,0,0,0.0,0.0,3.1,2.3,553648128,0,0.0,0.0,10.0,208.0,0.0,3759.0,0.0,0.0,386290.0,0.0,0.0,0.0,1125812,7205815462,500,55532,45846528,7205879808,0,19,36767649792,34196,93.2,0.103813321086381,4096,4194304,10164286,1042,0,452984832,0,0,10164286,0,0,0,0,481,0,7397,17,569,2717,0,1414,0,5,0,12,0,0,0,0.0,0.0,4.5,2.4,0,452984832,3.757467269897461,0
1651975943.5999908,0.526,29577.6,672.0,201.0,526.5000534057617,381053.0,0.0,56.0,3805.0,14799.3,362.0,0.0,7685235930,190,59164,13,7788957696,57344,0,18,36766736384,32520,39.3,0.0987252661635604,4096,4194304,9661742,1189,553648128,0,0,9661742,0,0,0,9,3072,440,0,1966,5,366,734,0,0,0,2,0,9,0,0,0,0.0,0.0,3.1,2.4,549453824,0,0.0,0.0,10.0,208.0,0.0,3910.0,0.0,0.0,382494.0,0.0,0.0,0.0,1125812,7759514309,500,59772,45846528,7759581184,0,19,36767649792,34196,94.0,0.103813321086381,4096,4194304,10143911,1007,0,440401920,0,0,10143911,0,0,0,0,481,0,7539,17,521,2336,0,1680,0,5,0,12,0,0,0,0.0,0.0,4.5,2.5,0,436207616,3.751418888568878,0
1651975944.694879,0.553,28385.6,678.0,201.0,526.8820343017578,381956.0,0.0,56.0,3795.0,14202.4,211.0,1172272.0,8235608680,190,63367,13,8342605824,61440,0,18,36766736384,32725,41.2,0.0993476117835951,4096,4194304,9629071,1179,549453824,0,0,9629071,0,0,0,9,3072,440,0,2073,5,354,778,0,0,0,2,0,9,0,0,0,0.0,0.0,3.2,2.4,553648128,0,0.0,0.0,10.0,208.0,0.0,3766.0,0.0,0.0,387672.0,0.0,0.0,0.0,1127242,8321369332,504,64083,45846528,8321433600,0,19,36767649792,34215,93.8,0.1038710018999452,4096,4194304,10214960,1009,0,440401920,0,0,10214960,0,0,0,0,481,0,7423,17,487,2403,0,1533,0,5,0,12,0,0,0,0.0,0.0,4.4,2.5,0,440401920,3.745651423931122,0
1651975945.7893145,0.522,30291.9,683.0,201.0,527.009880065918,382137.0,0.0,56.0,3291.0,15156.8,433.0,2125664.0,8785980008,190,67566,13,8896253952,65536,0,18,36766736384,32725,39.3,0.0993476117835951,4096,4194304,9682040,1188,553648128,0,0,9682040,0,0,0,9,4096,440,0,2191,5,479,821,0,0,0,2,0,9,0,0,0,0.0,0.0,3.3,2.5,549453824,0,0.0,0.0,10.0,208.0,0.0,3289.0,0.0,0.0,385233.0,0.0,0.0,0.0,1127957,8883537180,506,68400,45846528,8883601408,0,19,36767649792,34215,81.2,0.1038710018999452,4096,4194304,10011754,1032,0,448790528,0,0,10011754,0,0,0,0,481,0,7534,17,647,2599,0,1498,0,5,0,12,0,0,0,0.0,0.0,4.1,2.6,0,444596224,3.757450878620148,0
1651975947.9844794,0.319,30291.9,691.0,201.0,526.0378265380859,381334.0,0.0,56.0,3515.0,25092.6,180.0,3186320.0,9896028776,190,76035,13,10003550208,65536,0,18,36766736384,32725,36.4,0.0993476117835951,4096,4194304,9682581,1188,553648128,0,0,9682581,0,0,0,9,4096,440,0,2317,5,448,862,0,0,0,2,0,9,0,0,0,0.0,0.0,3.0,2.6,553648128,0,0.0,0.0,10.0,208.0,0.0,3562.0,0.0,0.0,386414.0,0.0,0.0,0.0,1127957,9437185348,506,72647,45846528,9437249536,0,19,36767649792,34215,88.0,0.1038710018999452,4096,4194304,10133025,1037,0,444596224,0,0,10133025,0,0,0,0,481,0,6616,17,446,2163,0,1349,0,5,0,12,0,0,0,0.0,0.0,4.3,2.6,0,448790528,3.764087438583374,0
1651975949.082402,0.269,30291.9,694.0,201.0,530.458366394043,384277.0,0.0,56.0,3828.0,29885.9,91.0,608536.0,10449283688,190,80256,13,10557198336,65536,0,18,36766736384,32725,45.6,0.0993476117835951,4096,4194304,9699249,1190,553648128,0,0,9699249,0,0,0,9,3072,440,0,2133,5,467,780,0,0,0,2,0,9,0,0,0,0.0,0.0,3.0,2.6,553648128,0,0.0,0.0,10.0,208.0,0.0,3857.0,0.0,0.0,393327.0,0.0,0.0,0.0,1128672,10557064820,508,81217,45846528,10557128704,0,19,36767649792,34727,92.7,0.1054253480338857,4096,4194304,10210453,730,0,322961408,0,0,10210453,0,0,0,0,481,0,6164,17,372,2159,0,1165,0,5,0,12,0,0,0,0.0,0.0,4.2,2.7,0,318767104,3.777688980102539,0
1651975950.179531,0.28,30291.9,516.0,201.0,461.9226341247559,334745.0,1.0,488.0,3107.0,21347.7,94.0,2786832.0,10934253274,355,83968,16,11035348992,73728,0,18,36766736384,33261,35.5,0.100974817892564,4096,4194304,6865554,836,486539264,0,0,6865554,0,0,0,9,2048,440,0,4127,12,318,1433,0,532,0,4,0,17,0,0,0,0.0,0.0,2.9,2.7,486539264,0,0.0,0.0,10.0,208.0,0.0,2846.0,0.0,0.0,305738.0,0.0,0.0,0.0,1129391,11004937883,510,84654,45846528,11005005824,0,19,36767649792,34733,81.4,0.1054435630276428,4096,4194304,10231973,712,0,301989888,0,0,10186137,45836,0,0,0,481,0,8578,23,419,2545,0,1476,0,6,0,15,1,0,0,0.0,0.0,3.8,2.8,0,306184192,3.250593364238739,0
1651975951.2705562,0.345,30291.9,520.0,201.0,470.5316467285156,340884.0,0.0,488.0,3708.0,17459.9,135.0,3844440.0,11455919834,355,87948,16,11563831296,77824,0,18,36766736384,33261,39.2,0.100974817892564,4096,4194304,7526568,917,545259520,0,0,7582633,0,0,0,6,0,440,0,1949,5,388,695,0,0,0,2,0,9,0,0,0,0.0,0.0,3.4,2.7,545259520,0,0.0,0.0,10.0,208.0,0.0,3773.0,0.0,0.0,342830.0,0.0,0.0,0.0,1130110,11511531202,512,88521,45846528,11511599104,0,19,36767649792,34733,85.0,0.1054435630276428,4096,4194304,10330088,717,0,310378496,0,0,10330088,0,0,0,0,481,0,6963,17,697,2227,0,1344,0,5,0,12,0,0,0,0.0,0.0,3.7,2.8,0,310378496,3.643592655658722,0
1651975952.3625586,0.308,30291.9,520.0,201.0,289.8975982666016,209944.0,0.0,488.0,2306.0,19557.4,90.0,3974760.0,11757909722,355,90252,16,11865821184,77824,0,18,36766736384,33261,22.9,0.100974817892564,4096,4194304,2377922,188,314572800,0,0,2321857,0,0,0,0,0,440,0,1839,5,276,645,0,0,0,2,0,9,0,0,0,0.0,0.0,1.9,2.8,293601280,0,0.0,0.0,10.0,208.0,0.0,2452.0,0.0,0.0,223276.0,0.0,0.0,0.0,1130110,11837900692,512,91014,45846528,11837988864,0,19,36767649792,35245,48.0,0.1069979091615832,4096,4194304,10142264,740,0,322961408,0,0,10142264,0,0,0,0,481,0,6249,19,469,2307,0,1246,0,5,0,12,0,0,0,0.0,0.0,2.7,2.9,0,322961408,2.22265625,0
1651975976.0213387,0.325,25358.4,356.0,201.0,524.7651443481445,380646.0,13.0,333.0,3673.0,12688.9,166.0,3888120.0,1083407005,190,8812,13,1179123712,45056,0,18,36766736384,32790,42.0,0.0995449408826305,4096,4194304,9614429,1180,549453824,0,0,9614429,0,0,0,9,4096,440,0,2189,5,439,817,0,0,0,2,0,9,0,0,0,0.0,0.0,3.2,1.8,553648128,0,0.0,0.0,10.0,208.0,0.0,3746.0,0.0,0.0,384770.0,0.0,0.0,0.0,1127311,1145307360,505,8778,47153152,1145475072,0,19,36767649792,33894,101.9,0.1028964997339396,4096,4194304,10249796,1081,0,465567744,0,0,10249796,0,0,0,0,481,0,5618,17,408,2068,0,1015,0,5,0,12,0,0,0,0.0,0.0,5.0,1.9,0,461373440,3.716478407382965,0
1651975977.1142297,0.366,31702.7,501.0,201.0,523.8550033569336,379880.0,0.0,333.0,3307.0,15856.8,156.0,3222672.0,1637055133,190,13036,13,1732771840,49152,0,18,36766736384,32825,44.0,0.0996511950128804,4096,4194304,9708695,1188,553648128,0,0,9708695,0,0,0,9,5120,440,0,2007,5,399,750,0,0,0,2,0,9,0,0,0,0.0,0.0,3.4,1.8,549453824,0,0.0,0.0,10.0,208.0,0.0,3336.0,0.0,0.0,382923.0,0.0,0.0,0.0,1128024,1698300167,507,13016,47153152,1698353152,0,19,36767649792,33894,90.8,0.1028964997339396,4096,4194304,10147943,1077,0,473956352,0,0,10147943,0,0,0,0,481,0,6192,18,446,2057,0,1208,0,5,0,12,0,0,0,0.0,0.0,4.5,1.9,0,473956352,3.8043638467788696,0
1651975978.2095551,0.347,31702.7,576.0,201.0,532.6199264526367,386112.0,0.0,333.0,3405.0,19228.8,32.0,45952.0,2190572900,190,17261,13,2286419968,61440,0,18,36766736384,32147,42.1,0.0975929007183264,4096,4194304,9704850,1180,549453824,0,0,9704850,0,0,0,9,5120,440,0,4301,5,319,822,0,0,0,2,0,9,0,0,0,0.0,0.0,3.2,1.9,553648128,0,0.0,0.0,10.0,208.0,0.0,3332.0,0.0,0.0,385725.0,0.0,0.0,0.0,1129473,2256798166,510,17296,47161344,2256855040,0,19,36767649792,34409,91.0,0.1044599533647586,4096,4194304,9969971,1068,0,461373440,0,0,9969971,0,0,0,0,481,0,7409,19,412,2634,0,1480,0,5,0,12,0,0,0,0.0,0.0,4.5,2.0,0,465567744,3.753571808338165,0
1651975979.3009868,0.332,31702.7,605.0,201.0,519.9986038208008,377131.0,0.0,333.0,3413.0,21109.4,33.0,47416.0,2740682084,190,21458,13,2840068096,61440,0,18,36766736384,32147,43.8,0.0975929007183264,4096,4194304,9637979,1191,553648128,0,0,9637979,0,0,0,9,2048,440,0,2048,5,401,817,0,0,0,2,0,9,0,0,0,0.0,0.0,3.4,1.9,549453824,0,0.0,0.0,10.0,208.0,0.0,3542.0,0.0,0.0,386488.0,0.0,0.0,0.0,1129473,2813198846,510,21549,47161344,2813255680,0,19,36767649792,33175,94.6,0.1007137363153787,4096,4194304,10284316,1083,0,469762048,0,0,10284316,0,0,0,0,481,0,6720,18,404,2191,0,1269,0,5,0,12,0,0,0,0.0,0.0,4.6,2.0,0,461373440,3.739068806171417,0
1651975980.3937714,0.335,31702.7,638.0,201.0,527.4330291748047,382562.0,0.0,333.0,3411.0,22061.5,112.0,641928.0,3292364843,190,25669,13,3393716224,61440,0,18,36766736384,32149,44.9,0.0975989723829122,4096,4194304,9656494,1181,549453824,0,0,9656494,0,0,0,9,2048,440,0,2113,5,469,722,0,0,0,2,0,9,0,0,0,0.0,0.0,3.2,2.0,553648128,0,0.0,0.0,10.0,208.0,0.0,3348.0,0.0,0.0,384402.0,0.0,0.0,0.0,1130186,3375954694,512,25853,47161344,3376013312,0,19,36767649792,33175,92.3,0.1007137363153787,4096,4194304,10028611,1085,0,465567744,0,0,10028611,0,0,0,0,481,0,7396,18,274,2676,0,1556,0,5,0,12,0,0,0,0.0,0.0,4.6,2.1,0,469762048,3.7911882400512695,0
1651975981.4862638,0.357,31702.7,660.0,201.0,525.4452667236328,381163.0,0.0,333.0,3440.0,21415.8,161.0,3320760.0,3843260459,190,29872,13,3947364352,61440,0,18,36766736384,32149,46.7,0.0975989723829122,4096,4194304,9703069,1179,549453824,0,0,9703069,0,0,0,9,3072,440,0,2201,5,420,811,0,0,0,2,0,9,0,0,0,0.0,0.0,3.3,2.0,549453824,0,0.0,0.0,10.0,208.0,0.0,3521.0,0.0,0.0,386600.0,0.0,0.0,0.0,1131612,3932160630,516,30110,47161344,3932217344,0,19,36767649792,33177,95.0,0.1007198079799644,4096,4194304,10124335,1047,0,452984832,0,0,10124335,0,0,0,0,481,0,6139,18,401,2027,0,1171,0,5,0,12,0,0,0,0.0,0.0,4.6,2.1,0,452984832,3.761735141277313,0
1651975982.580468,0.37,31702.7,681.0,201.0,526.3434753417969,381532.0,0.0,333.0,3325.0,21320.8,14.0,3714120.0,4393631787,190,34071,13,4501012480,61440,0,18,36766736384,32149,35.6,0.0975989723829122,4096,4194304,9615258,1188,553648128,0,0,9615258,0,0,0,9,4096,440,0,2025,5,389,820,0,0,0,2,0,9,0,0,0,0.0,0.0,3.0,2.1,549453824,0,0.0,0.0,10.0,208.0,0.0,3277.0,0.0,0.0,385732.0,0.0,0.0,0.0,1131612,4488877225,516,34383,47161344,4489072640,0,19,36767649792,33689,91.6,0.1022741541139049,4096,4194304,9945961,1055,0,461373440,0,0,9945961,0,0,0,0,481,0,8031,17,449,2566,0,1681,0,5,0,12,0,0,0,0.0,0.0,4.4,2.2,0,465567744,3.716937124729157,0
1651975983.6750724,0.314,31702.7,699.0,201.0,525.9038238525391,381409.0,0.0,333.0,3300.0,25787.3,44.0,2995912.0,4942299179,190,38257,13,5054660608,61440,0,18,36766736384,32149,37.5,0.0975989723829122,4096,4194304,9692979,1188,553648128,0,0,9692979,0,0,0,9,4096,440,0,2073,5,401,790,0,0,0,2,0,9,0,0,0,0.0,0.0,3.0,2.1,553648128,0,0.0,0.0,10.0,208.0,0.0,3455.0,0.0,0.0,384101.0,0.0,0.0,0.0,1131612,5046205545,516,38651,47161344,5046267904,0,19,36767649792,33689,93.2,0.1022741541139049,4096,4194304,10150676,1025,0,440401920,0,0,10150676,0,0,0,0,481,0,5897,17,440,2116,0,1106,0,5,0,12,0,0,0,0.0,0.0,4.4,2.2,0,436207616,3.791851937770844,0
1651975984.771788,0.359,31702.7,714.0,201.0,528.4453201293945,383149.0,0.0,333.0,3411.0,23038.9,36.0,2594496.0,5495816235,190,42480,13,5591531520,61440,0,18,36766736384,32149,41.1,0.0975989723829122,4096,4194304,9683123,1179,553648128,0,0,9683123,0,0,0,9,4096,440,0,1917,5,384,681,0,0,0,2,0,9,0,0,0,0.0,0.0,3.1,2.2,553648128,0,0.0,0.0,10.0,208.0,0.0,3459.0,0.0,0.0,387007.0,0.0,0.0,0.0,1131612,5606605745,516,42940,47161344,5606666240,0,19,36767649792,33689,91.3,0.1022741541139049,4096,4194304,10249373,1046,0,457179136,0,0,10249373,0,0,0,0,481,0,8821,18,639,3148,0,1770,0,5,0,12,0,0,0,0.0,0.0,4.5,2.3,0,461373440,3.716904759407044,0
1651975986.957126,0.659,25759.8,733.0,201.0,530.6001815795898,384776.0,0.0,333.0,2733.0,12884.8,160.0,1120984.0,6603112491,190,50928,13,6698827776,61440,0,18,36766736384,32149,37.5,0.0975989723829122,4096,4194304,9624910,1180,549453824,0,0,9624910,0,0,0,9,5120,440,0,2219,5,456,861,0,0,0,2,0,9,0,0,0,0.0,0.0,3.0,2.3,553648128,0,0.0,0.0,10.0,208.0,0.0,3239.0,0.0,0.0,386352.0,0.0,0.0,0.0,1132327,6163399641,518,47207,47161344,6163587072,0,19,36767649792,33689,90.2,0.1022741541139049,4096,4194304,10130952,1045,0,452984832,0,0,10130952,0,0,0,0,481,0,8038,17,454,2728,0,1910,0,5,0,12,0,0,0,0.0,0.0,4.4,2.3,0,452984832,3.7613247632980342,0
1651975988.053374,0.616,27626.8,735.0,201.0,526.3803405761719,381799.0,0.0,333.0,2662.0,13821.8,391.0,2557176.0,7152566315,190,55120,13,7252475904,61440,0,18,36766736384,32152,51.2,0.0976080798797907,4096,4194304,9702880,1189,553648128,0,0,9702880,0,0,0,9,5120,440,0,2260,5,437,845,0,0,0,2,0,9,0,0,0,0.0,0.0,3.7,2.3,553648128,0,0.0,0.0,10.0,208.0,0.0,2540.0,0.0,0.0,382660.0,0.0,0.0,0.0,1133042,7278648820,520,55762,47161344,7278710784,0,19,36767649792,34218,82.1,0.1038801093968238,4096,4194304,10106400,1062,0,457179136,0,0,10106400,0,0,0,0,481,0,6821,18,489,1969,0,2024,0,5,0,12,0,0,0,0.0,0.0,4.0,2.4,0,452984832,3.755573272705078,0
1651975989.143943,0.539,31684.9,738.0,201.0,522.6887130737305,378462.0,0.0,333.0,2620.0,15860.8,391.0,0.0,7706214443,190,59344,13,7806124032,61440,0,18,36766736384,32152,45.6,0.0976080798797907,4096,4194304,9646517,1179,549453824,0,0,9646517,0,0,0,8,2048,440,0,2035,5,385,800,0,0,0,2,0,9,0,0,0,0.0,0.0,3.3,2.4,545259520,0,0.0,0.0,10.0,208.0,0.0,2650.0,0.0,0.0,385738.0,0.0,0.0,0.0,1133042,7832299883,520,60004,47161344,7832363008,0,19,36767649792,34218,81.6,0.1038801093968238,4096,4194304,10176345,1051,0,461373440,0,0,10176345,0,0,0,0,481,0,6342,18,609,2038,0,1095,0,5,0,12,0,0,0,0.0,0.0,4.2,2.5,0,461373440,3.721712052822113,0
1651975990.2387288,0.388,31684.9,741.0,201.0,524.3597564697266,380334.0,0.0,333.0,2559.0,22123.1,283.0,409200.0,8247281081,190,63476,13,8342994944,61440,0,18,36766736384,32567,49.5,0.0988679502813245,4096,4194304,9714176,1172,545259520,0,0,9714176,0,0,0,9,4096,440,0,1955,5,351,726,0,0,0,2,0,9,0,0,0,0.0,0.0,3.3,2.4,549453824,0,0.0,0.0,10.0,208.0,0.0,2592.0,0.0,0.0,379919.0,0.0,0.0,0.0,1134472,8390706490,524,64284,47161344,8390766592,0,19,36767649792,34318,82.9,0.104183692626109,4096,4194304,10110375,998,0,444596224,0,0,10110375,0,0,0,0,481,0,6246,17,422,2096,0,1202,0,5,0,12,0,0,0,0.0,0.0,4.0,2.5,0,440401920,3.751230299472809,0
1651975991.3302667,0.511,33731.9,744.0,201.0,522.5622177124023,378562.0,0.0,333.0,2514.0,16865.9,127.0,1130392.0,8800929209,190,67700,13,8896643072,61440,0,18,36766736384,32567,44.8,0.0988679502813245,4096,4194304,9619814,1179,549453824,0,0,9619814,0,0,0,9,5120,440,0,2020,5,385,737,0,0,0,2,0,9,0,0,0,0.0,0.0,3.1,2.5,549453824,0,0.0,0.0,10.0,208.0,0.0,2513.0,0.0,0.0,384953.0,0.0,0.0,0.0,1135187,8941995361,526,68511,47161344,8942055424,0,19,36767649792,34318,80.8,0.104183692626109,4096,4194304,10093107,1047,0,448790528,0,0,10093107,0,0,0,0,481,0,7584,18,468,2425,0,1549,0,5,0,12,0,0,0,0.0,0.0,4.0,2.6,0,452984832,3.7254292964935294,0
1651975992.4229393,0.601,28772.2,747.0,201.0,521.0780258178711,377553.0,0.0,333.0,2462.0,14398.1,127.0,0.0,9346188729,190,71860,13,9450291200,61440,0,18,36766736384,32567,44.9,0.0988679502813245,4096,4194304,9698799,1179,549453824,0,0,9698799,0,0,0,9,3072,440,0,2077,5,400,780,0,0,0,2,0,9,0,0,0,0.0,0.0,3.2,2.5,545259520,0,0.0,0.0,10.0,208.0,0.0,2583.0,0.0,0.0,381367.0,0.0,0.0,0.0,1135902,9496168049,528,72770,47161344,9496227840,0,19,36767649792,34831,80.6,0.1057410745923423,4096,4194304,10174618,1028,0,452984832,0,0,10174618,0,0,0,0,481,0,6362,18,445,2037,0,1128,0,5,0,12,0,0,0,0.0,0.0,4.1,2.7,0,452984832,3.742829620838165,0
1651975993.5210652,0.364,28772.2,750.0,201.0,527.3330688476562,382473.0,0.0,333.0,2817.0,23868.1,57.0,699328.0,9892496825,190,76028,13,10003939328,61440,0,18,36766736384,32567,45.7,0.0988679502813245,4096,4194304,9675566,1181,549453824,0,0,9675566,0,0,0,9,3072,440,0,2071,5,375,790,0,0,0,2,0,9,0,0,0,0.0,0.0,3.5,2.6,553648128,0,0.0,0.0,10.0,208.0,0.0,2951.0,0.0,0.0,384031.0,0.0,0.0,0.0,1135902,10043262617,528,76952,47161344,10043322368,0,19,36767649792,34831,88.4,0.1057410745923423,4096,4194304,10100707,1032,0,440401920,0,0,10100707,0,0,0,0,481,0,7025,18,462,2246,0,1478,0,5,0,12,0,0,0,0.0,0.0,4.3,2.7,0,444596224,3.737795770168304,0
1651975994.614363,0.389,28772.2,761.0,201.0,512.0656356811523,371337.0,0.0,333.0,3188.0,22661.8,148.0,3907304.0,10445096377,190,80244,13,10540810240,61440,0,18,36766736384,32567,41.9,0.0988679502813245,4096,4194304,9669594,1179,549453824,0,0,9669594,0,0,0,9,4096,440,0,1864,5,251,775,0,0,0,2,0,9,0,0,0,0.0,0.0,3.2,2.6,545259520,0,0.0,0.0,10.0,208.0,0.0,3354.0,0.0,0.0,361332.0,0.0,0.0,0.0,1135902,10575382369,528,81024,47161344,10575466496,0,19,36767649792,34831,82.5,0.1057410745923423,4096,4194304,10169565,1057,0,452984832,0,0,10169565,0,0,0,0,481,0,5951,17,412,2027,0,1156,0,5,0,12,0,0,0,0.0,0.0,4.1,2.8,0,448790528,3.697022676467896,0
1651975996.805179,0.388,28772.2,769.0,201.0,447.20677185058594,324244.0,0.0,333.0,3505.0,22959.0,135.0,3289384.0,11365093931,355,87275,16,11463557120,65536,0,18,36766736384,33131,45.6,0.1005801596944932,4096,4194304,5556871,640,520093696,0,0,5556871,0,0,0,5,0,440,0,1954,5,325,718,0,0,0,2,0,9,0,0,0,0.0,0.0,3.4,2.7,515899392,0,0.0,0.0,10.0,208.0,0.0,2877.0,0.0,0.0,307155.0,0.0,0.0,0.0,1136621,11008214761,530,84338,47161344,11008274432,0,19,36767649792,34832,69.5,0.1057441104246352,4096,4194304,10135385,1046,0,457179136,0,0,10134042,1343,0,0,0,481,0,11361,24,409,3367,0,2358,0,6,0,15,1,0,0,0.0,0.0,3.8,2.8,0,461373440,3.3271484375,0
1651975997.903253,0.334,28772.2,769.0,201.0,412.7046356201172,299051.0,0.0,333.0,3304.0,26670.9,118.0,4015304.0,11797107243,355,90571,16,11899764736,65536,0,18,36766736384,33131,33.0,0.1005801596944932,4096,4194304,2789704,314,427819008,0,0,2789704,0,0,0,2,0,440,0,2043,5,372,803,0,0,0,2,0,9,0,0,0,0.0,0.0,2.7,2.8,432013312,0,0.0,0.0,10.0,208.0,0.0,3607.0,0.0,0.0,327758.0,0.0,0.0,0.0,1137340,11498030859,532,88077,47161344,11498213376,0,19,36767649792,34832,67.8,0.1057441104246352,4096,4194304,10160053,1092,0,465567744,0,0,10160053,0,0,0,0,481,0,5984,17,431,2017,0,1050,0,5,0,12,0,0,0,0.0,0.0,3.5,2.8,0,461373440,2.9375,0
