time_stamp,sender_read_bytes,sender_write_bytes,sender_remote_ost_read_bytes,sender_remote_ost_write_bytes,sender_dtn_read_bytes,sender_dtn_write_bytes,sender_retrans,sender_avg_send_value,receiver_read_bytes,receiver_write_bytes,receiver_remote_ost_read_bytes,receiver_remote_ost_write_bytes,receiver_dtn_read_bytes,receiver_dtn_write_bytes,Differences of Last value of write_bytes_io,through_put
12:03:37 PM,,,,,,,,,,,,,,,,
12:03:38 PM,167772160,0,251658240,0,182714368,0,587,89.8,0,260044704,0,222295968,0,266986000,,1.80136120319366
12:03:39 PM,176160768,0,150994944,0,138805248,0,616,5581.7,0,83882496,0,142602320,0,80798944,142688256,0.583421349525452
12:03:40 PM,142606336,0,150994944,0,187695104,0,458,2361.8,0,234880192,0,150994528,0,237329600,179863552,1.91631454229355
12:03:41 PM,0,0,167772160,0,136708096,0,638,8108.8,0,104854016,0,167768576,0,237329600,140570624,0.703938543796539
12:03:42 PM,184549376,0,117440512,0,175767552,0,388,2470.1,0,201326592,0,121634816,0,110311912,134119424,1.1020650267601
12:03:43 PM,100663296,0,109051904,0,107741184,0,408,2426,0,100663296,0,104857600,0,189891200,134242304,1.10967916250229
12:03:44 PM,134217728,0,96468992,0,133955584,0,702,1306.9,0,109051904,0,100663296,0,105658144,109375488,0.782462418079376
12:03:45 PM,184549376,0,348127232,0,183762944,0,649,3121.1,0,289403392,0,356512256,0,101718896,326803456,1.5270015001297
12:03:46 PM,285212672,0,209715200,0,285736960,0,699,3525.6,0,264241152,0,201326592,0,320901056,231952384,1.97876387834549
12:03:47 PM,251658240,0,176160768,0,244842496,0,423,4384.3,0,167771472,0,184548688,0,237572544,137801728,1.79700136184692
12:03:48 PM,188743680,0,234881024,0,203554816,0,857,4786.8,0,209715200,0,226492416,0,170913504,220819456,1.52916115522385
12:03:49 PM,205520896,0,150994944,0,206700544,0,414,5265.5,0,163577856,0,142606336,0,209190688,143384576,1.49125057458878
12:03:50 PM,109051904,0,201326592,0,86900736,0,711,4767.3,0,230686720,0,213909504,0,155275552,230502400,0.60042005777359
12:03:51 PM,268435456,0,247463936,0,276168704,0,490,3054.5,0,176160768,0,243269632,0,232310512,242319360,2.06122827529907
12:03:52 PM,167772160,0,75497472,0,161087488,0,307,3861.3,0,104857600,0,71303168,0,194309616,98185216,1.19679141044617
12:03:53 PM,117440512,0,180355072,0,131596288,0,841,2896,0,205520896,0,188743680,0,93589824,170737664,0.858930885791779
12:03:54 PM,176160768,0,218103808,0,189661184,0,708,538.8,0,234878880,0,218101664,0,207038912,201289728,1.35356336832047
12:03:55 PM,213909504,0,222298112,0,212992000,0,613,8260.7,0,184549376,0,209715200,0,226328448,226353152,1.49543648958206
12:03:56 PM,197132288,0,117440512,0,173801472,0,457,1796,0,134217728,0,125829120,0,192330176,105832448,1.52983564138412
12:03:57 PM,163577856,0,197132288,0,173801472,0,510,1975.6,0,213909504,0,197132288,0,135856864,192487424,1.00231903791428
12:03:58 PM,155189248,0,134217728,0,163184640,0,778,3830.9,0,125829120,0,130023424,0,205134880,141402112,1.17894929647446
12:03:59 PM,134217728,0,134217728,0,163840000,0,387,3589.4,0,125829120,0,130023424,0,129982272,129826816,1.1951984167099
12:04:00 PM,117440512,0,138412032,0,123338752,0,442,8458.2,0,138412032,0,138412032,0,132283200,143994880,0.829543173313141
12:04:01 PM,247463936,0,247463936,0,130809856,0,668,1997.2,0,272627744,0,264239136,0,150301344,246059008,1.31819826364517
12:04:02 PM,264241152,0,251658240,0,265289728,0,928,1428.2,0,0,0,243269632,0,248710928,248406016,1.97050893306732
12:04:03 PM,134217728,0,125829120,0,263847936,0,555,5652.1,0,247463936,0,121632680,0,254603424,120651776,1.6074743270874
12:04:04 PM,218103808,0,226492416,0,120455168,0,412,6441.3,0,130021288,0,230686720,0,131803384,226897920,1.41799408197403
12:04:05 PM,125829120,0,50331648,0,228851712,0,361,1853.4,0,218103808,0,54525952,0,209545312,57085952,0.98467481136322
12:04:06 PM,121634816,0,184549376,0,106954752,0,616,3175.3,0,54525952,0,176154560,0,57087072,171999232,0.744091868400574
12:04:07 PM,138412032,0,83886080,0,134348800,0,341,4940.2,0,201320384,0,0,0,200702688,84643840,1.09978759288788
12:04:08 PM,159383552,0,150994944,0,126091264,0,553,2018.4,0,63960856,0,80738072,0,73018256,159191040,1.20157140493393
12:04:09 PM,117440512,0,234881024,0,151519232,0,761,2209.9,0,163577856,0,159383552,0,163014560,232685568,0.783104121685028
12:04:10 PM,268435456,0,205520896,0,134610944,0,758,2796.1,0,218103808,0,230686720,0,213997152,196849664,1.73938941955566
12:04:11 PM,201326592,0,159383552,0,257425408,0,439,1003.3,0,255852544,0,197132288,0,261286816,149979136,1.79586637020111
12:04:12 PM,184549376,0,222298112,0,197263360,0,558,2588.6,0,113246208,0,163577856,0,105965936,239980544,0.626040816307068
12:04:13 PM,100663296,0,100663296,0,193462272,0,417,4893.8,0,218103808,0,226492416,0,225264736,99713024,1.67974054813385
12:04:14 PM,268435456,0,268435456,0,107085824,0,705,3670.7,0,138412032,0,100663296,0,147842240,261787648,1.16355562210083
12:04:15 PM,117440512,0,79691776,0,272367616,0,451,5550.7,0,251658240,0,260046848,0,239819936,69099520,1.68768310546875
12:04:16 PM,134217728,0,163577856,0,104464384,0,399,8703,0,109051904,0,79691776,0,103199544,144945152,0.732722878456116
12:04:17 PM,100663296,0,58720256,0,128974848,0,316,445.5,0,138412032,0,163577856,0,138833376,87875584,1.03438919782639
12:04:18 PM,134217728,0,134217728,0,93978624,0,393,538.8,0,46137344,0,71303168,0,51189336,133398528,0.3897944688797
12:04:19 PM,150994944,0,171966464,0,138149888,0,662,879.8,0,138409312,0,125826400,0,142579936,158380032,1.02444660663605
12:04:20 PM,184549376,0,146800640,0,147587072,0,465,3344.7,0,234881024,0,176160768,0,247386144,166215680,1.71982163190842
12:04:21 PM,163577856,0,251658240,0,188612608,0,562,8108.8,0,100663296,0,155189248,0,79156760,232079360,0.678357124328613
12:04:22 PM,188743680,0,213909504,0,200409088,0,635,8766.3,0,222298112,0,234881024,0,222276512,172802048,1.71269005537033
12:04:23 PM,201326592,0,121634816,0,173801472,0,459,2555.3,0,247463936,0,226492416,0,252949472,159436800,1.64849662780762
12:04:24 PM,113246208,0,150994944,0,190185472,0,443,2798.4,0,92271864,0,113243384,0,88132072,138498048,0.819421648979187
12:04:25 PM,205520896,0,150994944,0,129105920,0,314,5657.3,0,213907424,0,155189248,0,227467264,182349824,1.31931614875793
12:04:26 PM,150994944,0,167772160,0,191627264,0,704,5180.4,0,167772160,0,142604256,0,153302768,142012416,1.23228496313095
12:04:27 PM,171966464,0,0,0,150470656,0,573,3749.4,0,125829120,0,171966464,0,123529872,168116224,1.08771514892578
12:04:28 PM,230686720,0,218103808,0,181403648,0,359,5687.5,0,226492416,0,213909504,0,243214720,227504128,1.44207686185837
12:04:29 PM,201326592,0,180355072,0,205783040,0,803,3904.7,0,209715200,0,180355072,0,194669680,199106560,1.86404460668564
12:04:30 PM,134217728,0,226492416,0,224264192,0,366,1861.7,0,184549376,0,226492416,0,185558688,134688768,1.48562467098236
12:04:31 PM,83886080,0,79691776,0,116523008,0,539,4455.4,0,96468992,0,88080384,0,96063760,84267008,0.48644632101059
12:04:32 PM,184549376,0,113246208,0,92798976,0,784,4944.4,0,113246208,0,104857600,0,122467208,174772224,0.89441180229187
12:04:33 PM,142606336,0,188743680,0,198049792,0,603,4267.8,0,163577856,0,201326592,0,152676768,121905152,1.2306455373764
12:04:34 PM,125829120,0,134217728,0,142213120,0,485,2438.7,0,121634816,0,130023424,0,129650672,156598272,0.936779737472534
12:04:35 PM,0,0,113246208,0,106430464,0,832,3192.4,0,213909504,0,104857600,0,219121456,233938944,0.977511763572693
12:04:36 PM,268435456,0,255852544,0,262406144,0,560,5626.5,0,192937984,0,260046848,0,180140576,150515712,1.75330638885498
12:04:37 PM,134217728,0,134217728,0,133955584,0,532,811.3,0,113081928,0,134215512,0,0,116961280,1.04623925685883
12:04:38 PM,121634816,0,134217728,0,144834560,0,506,2155.2,0,184549376,0,134055664,0,126938048,175652864,1.17035460472107
12:04:39 PM,213909504,0,201326592,0,198705152,0,323,9296.7,0,155189248,0,209715200,0,171783120,129843200,1.34189593791962
12:04:40 PM,100663296,0,100663296,0,94109696,0,426,2157,0,121634816,0,92274688,0,155863760,151117824,0.770136654376983
12:04:41 PM,150994944,0,150994944,0,150732800,0,465,1855.2,0,171962944,0,150991424,0,119732632,143355904,1.0921568274498
12:04:42 PM,134217728,0,134217728,0,135528448,0,284,2446.3,0,50331648,0,138412032,0,178384112,73359360,0.967691481113434
12:04:43 PM,83886080,0,75497472,0,90439680,0,725,3840.7,0,167772160,0,71303168,0,42875640,150118400,0.648356556892395
12:04:44 PM,167772160,0,163577856,0,175112192,0,546,3548.3,0,167772160,0,167772160,0,172530992,149975040,1.2887305021286
12:04:45 PM,134217728,0,130023424,0,141033472,0,715,4857.8,0,184549376,0,125829120,0,164128288,213950464,0.940723598003387
12:04:46 PM,234881024,0,251658240,0,214564864,0,384,2316.8,0,146800640,0,255852544,0,191543216,127365120,1.75191426277161
12:04:47 PM,100663296,0,83886080,0,107479040,0,379,1302.3,0,100663296,0,83886080,0,142357568,96636928,0.692863941192627
12:04:48 PM,121634816,0,100663296,0,132120576,0,505,2760.2,0,113246208,0,96468992,0,98374008,111247360,0.738702833652496
12:04:49 PM,113246208,0,150994944,0,100925440,0,349,2669.8,0,176160768,0,159383552,0,115221488,162754560,1.10216951370239
12:04:50 PM,134217728,0,117440512,0,137625600,0,277,6211.7,0,92274688,0,113246208,0,173396288,103710720,0.840460181236267
12:04:51 PM,134217728,0,125829120,0,130154496,0,548,2065.4,0,142606336,0,121634816,0,96519176,133070848,0.965579271316528
12:04:52 PM,117440512,0,104857600,0,122028032,0,731,3525.6,0,176160768,0,104857600,0,140249184,187797504,0.754131972789764
12:04:53 PM,234881024,0,239075328,0,220463104,0,307,423.8,0,0,0,247463936,0,188317120,125472768,1.8110625743866
12:04:54 PM,67108864,0,100663296,0,84017152,0,424,2259.1,0,138412032,0,96468992,0,124952680,113053696,0.720785319805145
12:04:55 PM,184549376,0,134217728,0,167641088,0,554,1103.2,0,113246208,0,130023424,0,113053832,130404352,0.920800507068634
12:04:56 PM,50331648,0,100663296,0,65536000,0,487,4229.1,0,138412032,0,104857600,0,141924672,138174464,0.781934499740601
12:04:57 PM,150994944,0,117440512,0,136577024,0,464,572,0,130023424,0,117440512,0,126653376,106291200,0.931596577167511
12:04:58 PM,117440512,0,117440512,0,128581632,0,739,7751.1,0,104857600,0,125829120,0,107450128,142405632,0.92103385925293
12:04:59 PM,205520896,0,184549376,0,211288064,0,771,4458.3,0,176160768,0,167772160,0,176152416,183574528,1.16006487607956
12:05:00 PM,146800640,0,184549376,0,140115968,0,381,6739.8,0,150994944,0,188743680,0,148800576,95789056,1.4972568154335
12:05:01 PM,83886080,0,67108864,0,89522176,0,554,4391.9,0,104857600,0,79691776,0,106106720,181063680,0.583718717098236
12:05:02 PM,218103808,0,184549376,0,200802304,0,381,2334.8,0,176160768,0,167772160,0,106106720,104116224,1.26763087511063
12:05:03 PM,33554432,0,83886080,0,40894464,0,372,2073.4,0,104857600,0,100663296,0,185475888,72523776,0.743609607219696
12:05:04 PM,167772160,0,100663296,0,163708928,0,419,4544.5,0,79691776,0,88080384,0,94947864,133238784,0.519737839698792
12:05:05 PM,184549376,0,150994944,0,194772992,0,685,4233.5,0,155189248,0,150994944,0,80552672,236527616,1.07228296995163
12:05:06 PM,239075328,0,297795584,0,254017536,0,553,5487.2,0,264241152,0,301989888,0,153409504,212836352,2.16039645671844
12:05:07 PM,142606336,0,142606336,0,147062784,0,483,3061.1,0,197131600,0,138411344,0,275306848,203329536,1.27145338058472
12:05:08 PM,138412032,0,176160768,0,110231552,0,463,2209,0,179948832,0,175754528,0,185351680,84017152,1.34862750768662
12:05:09 PM,251658240,0,138412032,0,260440064,0,798,3475.2,0,92274688,0,142606336,0,181009728,235450368,0.729550302028656
12:05:10 PM,117440512,0,213909504,0,113246208,0,336,4826.7,0,239075328,0,209715200,0,97788264,100212736,1.74187111854553
12:05:11 PM,184549376,0,104857600,0,177602560,0,612,1131.2,0,104857600,0,113246208,0,233985472,194969600,0.740856647491455
12:05:12 PM,92274688,0,201326592,0,104464384,0,273,3769.9,0,188743680,0,188743680,0,111945296,87375872,1.39800608158112
12:05:13 PM,109051904,0,50331648,0,115474432,0,477,2896,0,92274008,0,62913880,0,194025280,115044352,0.73680055141449
12:05:14 PM,167772160,0,138412032,0,172621824,0,468,9846.4,0,138412032,0,138412032,0,80124728,209694720,1.0262862443924
12:05:15 PM,163577856,0,230686720,0,154664960,0,468,1094.6,0,226492416,0,226492416,0,137745808,125460480,1.45666390657425
12:05:16 PM,88080384,0,83886080,0,81395712,0,353,4277.2,0,75497472,0,75497472,0,228923200,74092544,0.690737724304199
12:05:17 PM,146800640,0,117440512,0,81395712,0,390,4422.3,0,121634816,0,121634816,0,74459672,150761472,0.818711519241333
12:05:18 PM,255852544,0,184549376,0,151388160,0,773,9299.8,0,188743680,0,188743680,0,122820504,253702144,1.23652231693268
12:05:19 PM,218103808,0,255852544,0,256638976,0,625,3913.5,0,255849024,0,260043328,0,186155264,214712320,1.68422323465347
12:05:20 PM,184549376,0,213909504,0,221380608,0,634,2872.8,0,213908752,0,209714448,0,269490880,180948992,1.61184626817703
12:05:21 PM,134217728,0,150994944,0,170917888,0,475,820.9,0,155189248,0,150994944,0,215268736,143876096,1.25871622562408
12:05:22 PM,83886080,0,100663296,0,143917056,0,348,2085.9,0,100663296,0,96468992,0,151029696,79183872,1.12447661161423
12:05:23 PM,67108864,0,83886080,0,79167488,0,230,2272.5,0,83886080,0,92274688,0,88834872,67260416,0.686952352523804
12:05:24 PM,234881024,0,67108864,0,67633152,0,770,5378.3,0,75497472,0,58720256,0,85138328,185225216,0.168862521648407
12:05:25 PM,184549376,0,234881024,0,255590400,0,645,2704.4,0,230686720,0,247463936,0,90578664,187555840,2.01925498247147
12:05:26 PM,184549376,0,218103808,0,173932544,0,546,3751.6,0,205520896,0,205520896,0,217748736,226037760,1.60839700698853
12:05:27 PM,0,0,167772160,0,169345024,0,724,2262.5,0,192937984,0,176160768,0,204448800,174661632,1.10606157779694
12:05:28 PM,201326592,0,184549376,0,205127680,0,441,2217.2,0,163577856,0,176160768,0,203779552,143704064,1.2278556227684
12:05:29 PM,150994944,0,226492416,0,163315712,0,771,3014.2,0,234881024,0,230686720,0,159586304,235438080,1.4161269068718
12:05:30 PM,205520896,0,176160768,0,205520896,0,738,3988.8,0,180355072,0,180355072,0,228098976,158441472,1.44686555862427
12:05:31 PM,197132288,0,117440512,0,189005824,0,393,2118.5,0,117438376,0,109049768,0,184738240,120897536,1.31408333778381
12:05:32 PM,83886080,0,130023424,0,93454336,0,682,4793.4,0,155189248,0,130023424,0,120088960,155688960,0.741617798805237
12:05:33 PM,167772160,0,197132288,0,156893184,0,623,1712.8,0,180353152,0,201326592,0,148951840,165302272,1.1183032989502
12:05:34 PM,167772160,0,159383552,0,168689664,0,699,1571.5,0,142606336,0,155187328,0,177743008,191356928,1.22079735994339
12:05:35 PM,239075328,0,218103808,0,249954304,0,419,3576.3,0,260046848,0,226492416,0,148172000,186777600,1.85041332244873
12:05:36 PM,130023424,0,121634816,0,109445120,0,762,2686.1,0,142605616,0,113245488,0,254048992,151461888,0.839203953742981
12:05:37 PM,226492416,0,197132288,0,238813184,0,480,3330.4,0,137173648,0,197131600,0,143353152,190054400,1.69532984495163
12:05:38 PM,159383552,0,184549376,0,164102144,0,558,6312.2,0,213909504,0,195894592,0,140834592,177573888,1.13082140684128
12:05:39 PM,176160768,0,150994944,0,166592512,0,542,3330.4,0,239075328,0,138412032,0,207038688,233119744,1.23527818918228
12:05:40 PM,260046848,0,310378496,0,278265856,0,827,1217,0,205520896,0,314572800,0,263327616,175263744,1.93525421619415
12:05:41 PM,184549376,0,138412032,0,161742848,0,401,1959.1,0,142606336,0,138412032,0,182119712,157986816,1.2180523276329
12:05:42 PM,83886080,0,88080384,0,84017152,0,438,4499.9,0,142606336,0,92274688,0,145018960,126455808,0.908149063587189
12:05:43 PM,167772160,0,167772160,0,181141504,0,577,3514.2,0,130023424,0,163577856,0,139421840,131444736,1.2242648601532
12:05:44 PM,134217728,0,100663296,0,120979456,0,414,1782.2,0,0,0,109051904,0,131446312,88719360,0.782613396644592
12:05:45 PM,150994944,0,184549376,0,171704320,0,319,1229.3,0,83886080,0,171966464,0,91692880,157782016,0.846615672111511
12:05:46 PM,117440512,0,100663296,0,116785152,0,834,2989.4,0,163577856,0,113242144,0,154806976,199712768,0.930804073810577
12:05:47 PM,222298112,0,218103808,0,215351296,0,564,666.7,0,209711136,0,213909504,0,222856752,204750848,1.98433363437653
12:05:48 PM,180355072,0,180355072,0,170131456,0,350,1930.7,0,209715200,0,176160768,0,208358720,137089024,1.1462904214859
12:05:49 PM,117440512,0,138412032,0,0,0,641,2369.5,0,121634816,0,142606336,0,110325800,127975424,0.973876357078552
12:05:50 PM,218103808,0,247463936,0,126615552,0,586,2828.7,0,159383552,0,243269632,0,170904032,271089664,1.67513430118561
12:05:51 PM,218103808,0,201326592,0,231866368,0,652,9851.8,0,272629760,0,201323008,0,262470624,178868224,1.633096575737
12:05:52 PM,134217728,0,88080384,0,206962688,0,274,6213.2,0,171959360,0,88076856,0,175937440,63553536,1.02566570043564
12:05:53 PM,201326592,0,243269632,0,118358016,0,707,1036.7,0,83882448,0,239071696,0,92884864,348319744,1.15868139266968
12:05:54 PM,201326592,0,159383552,0,222298112,0,507,7103.4,0,301989888,0,163577856,0,288902912,90267648,1.89801132678986
12:05:55 PM,218103808,0,218103808,0,177471488,0,567,766.3,0,104855624,0,218101824,0,104569024,191102976,0.71779203414917
12:05:56 PM,104857600,0,117440512,0,218234880,0,351,2850.8,0,209715200,0,125829120,0,208937216,129826816,1.40340483188629
12:05:57 PM,146800640,0,134217728,0,126746624,0,605,1126.8,0,104857600,0,134217728,0,115287336,162648064,0.988307654857636
12:05:58 PM,167772160,0,167772160,0,134479872,0,612,1267,0,167772160,0,159381408,0,158284240,177647616,1.07882249355316
12:05:59 PM,201326592,0,205520896,0,170000384,0,689,4548.5,0,197130144,0,205520896,0,194284960,187031552,1.41718906164169
12:06:00 PM,209715200,0,209715200,0,208011264,0,422,861.6,0,239075328,0,201326592,0,239159168,182702080,1.78187465667725
12:06:01 PM,142606336,0,138412032,0,206045184,0,500,1538.5,0,134217728,0,146800640,0,140993280,127369216,1.02509111166
12:06:02 PM,209715200,0,201326592,0,133955584,0,687,1889.1,0,167772160,0,197132288,0,162913024,216637440,1.23821061849594
12:06:03 PM,142606336,0,150994944,0,226623488,0,621,763.3,0,184549376,0,155189248,0,185544160,146251776,1.38241171836853
12:06:04 PM,100663296,0,100663296,0,121503744,0,614,1573.9,0,146800640,0,104857600,0,147437152,101335040,0.93840479850769
12:06:05 PM,167772160,0,167772160,0,102367232,0,488,2206.5,0,138412032,0,167772160,0,138172224,177471488,1.18911921977997
12:06:06 PM,167772160,0,167772160,0,168296448,0,548,5860.1,0,159381408,0,159381408,0,155752320,142790656,0.909463405609131
12:06:07 PM,150994944,0,142606336,0,160956416,0,584,2479.1,0,150994192,0,146799888,0,163336256,149209088,1.00872218608856
12:06:08 PM,83886080,0,92274688,0,163446784,0,437,8291.7,0,121599800,0,92239672,0,112520208,85962752,1.19889008998871
12:06:09 PM,234881024,0,201326592,0,78118912,0,848,3528.9,0,150994944,0,205520896,0,160704480,242827264,0.775494337081909
12:06:10 PM,100663296,0,117440512,0,247332864,0,386,2952.8,0,171966464,0,117440512,0,160878048,86355968,1.64091682434082
12:06:11 PM,100663296,0,117440512,0,90177536,0,314,5589.2,0,83886080,0,121634064,0,82885008,105529344,0.606967389583588
12:06:12 PM,134217728,0,117440512,0,108789760,0,532,1712.8,0,150990944,0,109048664,0,156836176,121901056,1.09661561250687
12:06:13 PM,150994944,0,146800640,0,118489088,0,355,5403.5,0,121634816,0,138412032,0,130566624,161705984,0.558694243431091
12:06:14 PM,134217728,0,138412032,0,161742848,0,375,4742.7,0,159383552,0,138412032,0,153746624,125460480,1.55202788114548
12:06:15 PM,167772160,0,138412032,0,125435904,0,657,1448,0,121634816,0,150994944,0,119976936,165920768,0.714262664318085
12:06:16 PM,113246208,0,130023424,0,175112192,0,499,920.9,0,146800640,0,125829120,0,153072800,106586112,1.06425791978836
12:06:17 PM,104857600,0,117440512,0,115867648,0,351,3016.2,0,130023424,0,113246208,0,119165024,123297792,0.99520218372345
12:06:18 PM,109051904,0,117440512,0,107610112,0,524,1442.4,0,109051904,0,121634816,0,109246208,97460224,1.03954017162323
12:06:19 PM,192937984,0,130023424,0,111935488,0,573,3167.5,0,92274688,0,125829120,0,89564040,158887936,0.500463485717773
12:06:20 PM,0,0,272629760,0,192675840,0,608,2789.3,0,255852544,0,276823488,0,268675872,260689920,1.64698684215546
12:06:21 PM,218103808,0,83886080,0,224919552,0,571,4381.1,0,159382976,0,83886080,0,268675872,85688320,1.46183615922928
12:06:22 PM,150994944,0,201326592,0,147193856,0,699,6594,0,155189248,0,201326592,0,151819968,207593472,1.23588871955872
12:06:23 PM,150994944,0,348127232,0,145358848,0,956,3424.2,0,327152448,0,348123968,0,156759424,356884480,1.01184576749802
12:06:24 PM,369098752,0,155189248,0,365428736,0,572,930.4,0,226492416,0,159383552,0,337628032,125521920,2.59273135662079
12:06:25 PM,167772160,0,184549376,0,171180032,0,474,543,0,150994944,0,176160768,0,215369920,182644736,1.27391797304153
12:06:26 PM,134217728,0,100663296,0,132251648,0,422,2635.2,0,125829120,0,100663296,0,143717296,89800704,0.985558748245239
12:06:27 PM,83886080,0,83886080,0,89391104,0,455,4763,0,75497472,0,88080384,0,132078824,102649856,0.632798850536346
12:06:28 PM,125829120,0,201326592,0,129761280,0,783,3246.5,0,209715200,0,201326592,0,77199912,185454592,0.839119493961334
12:06:29 PM,209715200,0,109051904,0,201588736,0,658,639.1,0,100663296,0,109051904,0,212662608,122888192,1.57042694091797
12:06:30 PM,104857600,0,159383552,0,117440512,0,513,4290.4,0,176160768,0,159383552,0,98589648,147202048,0.739114880561829
12:06:31 PM,159383552,0,184549376,0,141295616,0,494,9367.3,0,188743680,0,188743680,0,170579888,188121088,1.12054395675659
12:06:32 PM,184549376,0,100663296,0,195166208,0,350,2588.6,0,104857600,0,104857600,0,189041024,110145536,1.43004339933395
12:06:33 PM,121634816,0,150994944,0,107216896,0,742,2599.3,0,146800640,0,146800640,0,102974304,138285056,0.719289660453796
12:06:34 PM,226492416,0,184549376,0,231735296,0,568,3202.6,0,184549376,0,184549376,0,145454896,185495552,1.5904900431633
12:06:35 PM,62914560,0,100663296,0,75104256,0,492,2653.3,0,0,0,100661912,0,185497824,102453248,0.857558071613312
12:06:36 PM,134217728,0,104857600,0,135921664,0,400,3116.5,0,100661912,0,109051904,0,102448736,107565056,0.936143219470978
12:06:37 PM,146800640,0,197132288,0,135921664,0,501,5598.9,0,113246208,0,201326592,0,121892360,199725056,0.924195289611816
12:06:38 PM,218103808,0,167772160,0,132644864,0,546,8735.5,0,197132288,0,147962592,0,185392864,153645056,1.31943953037262
12:06:39 PM,150994944,0,150994944,0,240123904,0,724,1662.5,0,147962592,0,159383552,0,153637984,157122560,1.0943449139595
12:06:40 PM,150994944,0,150994944,0,123076608,0,748,2262.5,0,159383552,0,150994944,0,157120944,150573056,1.17407137155533
12:06:41 PM,117440512,0,100663296,0,146276352,0,434,1559.4,0,155189248,0,96468992,0,162488352,97112064,0.950221419334412
12:06:42 PM,71303168,0,176160768,0,123731968,0,539,2002.8,0,96468992,0,0,0,92563232,161124352,0.736903488636017
12:06:43 PM,314572800,0,260046848,0,84410368,0,669,5141.2,0,213909504,0,171966464,0,246871152,270286848,2.13506531715393
12:06:44 PM,201326592,0,184549376,0,308674560,0,335,4455.4,0,255849760,0,260044064,0,235722432,164950016,1.7506839632988
12:06:45 PM,184549376,0,192937984,0,195952640,0,721,5792,0,201326528,0,176160768,0,192420640,211632128,1.20181804895401
12:06:46 PM,184549376,0,209715200,0,192282624,0,576,1287.1,0,197132288,0,205520832,0,206007168,217907200,1.52213221788406
12:06:47 PM,117440512,0,67108864,0,181927936,0,447,1878.5,0,163577856,0,209715200,0,147689648,60174336,1.00343906879425
12:06:48 PM,117440512,0,83886080,0,117833728,0,323,1791.3,0,104857600,0,71303168,0,119501288,96169984,0.87142026424408
12:06:49 PM,134217728,0,201326592,0,116129792,0,695,4523.3,0,71303168,0,88080384,0,66215448,205881344,0.446608006954193
12:06:50 PM,184549376,0,150994944,0,148111360,0,613,1991,0,234881024,0,205520896,0,225047936,140492800,1.71065020561218
12:06:51 PM,171966464,0,272629760,0,160825344,0,935,2349.2,0,125825816,0,138412032,0,137053392,224878592,0.87027382850647
12:06:52 PM,264241152,0,230686720,0,194379776,0,614,2508.6,0,314566464,0,264231488,0,306462112,257826816,2.35557860136032
12:06:53 PM,268435456,0,167772160,0,255197184,0,523,2245,0,188743680,0,243269632,0,199436128,183320576,1.21827495098114
12:06:54 PM,234881024,0,251658240,0,267780096,0,808,1252.3,0,155185664,0,171966464,0,143473296,240177152,1.27257603406906
12:06:55 PM,222298112,0,218103808,0,238288896,0,693,4536.1,0,306184192,0,239071744,0,332057760,240865280,2.11256092786789
12:06:56 PM,130023424,0,159383552,0,222953472,0,421,4026.8,0,163577008,0,230686720,0,138053264,96923648,1.49271780252457
12:06:57 PM,,,,,,,,,,,,,,,,1.09334671497345
,,,,,,,,,,,,,,,,1.03452396392822
,,,,,,,,,,,,,,,,1.67505174875259
,,,,,,,,,,,,,,,,1.70489919185638
,,,,,,,,,,,,,,,,1.59352546930313
,,,,,,,,,,,,,,,,1.62346750497818
,,,,,,,,,,,,,,,,1.01858973503113
,,,,,,,,,,,,,,,,0.954946219921112
,,,,,,,,,,,,,,,,0.829711079597473
,,,,,,,,,,,,,,,,1.08819454908371
,,,,,,,,,,,,,,,,1.82964539527893
,,,,,,,,,,,,,,,,0.803715646266937
,,,,,,,,,,,,,,,,1.41127675771713
,,,,,,,,,,,,,,,,1.4317678809166
,,,,,,,,,,,,,,,,1.36598086357117
,,,,,,,,,,,,,,,,0.444683074951172
,,,,,,,,,,,,,,,,1.14809185266495
,,,,,,,,,,,,,,,,1.20650196075439
,,,,,,,,,,,,,,,,0.867420494556427
,,,,,,,,,,,,,,,,0.839803278446198
,,,,,,,,,,,,,,,,1.89691215753555
,,,,,,,,,,,,,,,,0.818337440490723
,,,,,,,,,,,,,,,,1.8901372551918
,,,,,,,,,,,,,,,,1.69471901655197
,,,,,,,,,,,,,,,,1.3449222445488
,,,,,,,,,,,,,,,,0.634602189064026
,,,,,,,,,,,,,,,,0.785061538219452
,,,,,,,,,,,,,,,,1.12018835544586
,,,,,,,,,,,,,,,,0.883157730102539
,,,,,,,,,,,,,,,,1.43505752086639
,,,,,,,,,,,,,,,,1.04571628570557
,,,,,,,,,,,,,,,,0.645428955554962
,,,,,,,,,,,,,,,,1.72013032436371
,,,,,,,,,,,,,,,,0.923189580440521
,,,,,,,,,,,,,,,,0.736068069934845
,,,,,,,,,,,,,,,,0.937382817268372
,,,,,,,,,,,,,,,,1.39524179697037
,,,,,,,,,,,,,,,,1.80859673023224
,,,,,,,,,,,,,,,,1.17078846693039
,,,,,,,,,,,,,,,,0.339428186416626
,,,,,,,,,,,,,,,,1.59233349561691
,,,,,,,,,,,,,,,,0.81790155172348
,,,,,,,,,,,,,,,,0.795795857906342
,,,,,,,,,,,,,,,,1.56539767980576
,,,,,,,,,,,,,,,,1.4096400141716
,,,,,,,,,,,,,,,,0.402112066745758
,,,,,,,,,,,,,,,,1.55354636907578
,,,,,,,,,,,,,,,,0.664939939975739
,,,,,,,,,,,,,,,,1.0424936413765
,,,,,,,,,,,,,,,,1.04645544290543
,,,,,,,,,,,,,,,,1.2301818728447
,,,,,,,,,,,,,,,,1.41187423467636
,,,,,,,,,,,,,,,,1.81330305337906
,,,,,,,,,,,,,,,,1.11167597770691
,,,,,,,,,,,,,,,,1.13707000017166
